Season,Rk,Tm,W,L,W-L%,R,RA,Rdiff,SOS,SRS,pythWL,Luck,vEast,vCent,vWest,Inter,Home,Road,ExInn,1Run,vRHP,vLHP,â‰¥.500,<.500
2003,1,Atlanta Braves,101,61,.623,5.6,4.6,1.0,0.0,1.1,96-66,5,41-35,27-12,23-9,10-5,55-26,46-35,7-10,17-25,77-48,24-13,57-43,44-18
2003,2,New York Yankees,101,61,.623,5.4,4.4,1.0,0.0,1.0,96-66,5,47-29,23-9,18-18,13-5,50-32,51-29,6-6,22-14,75-50,26-11,47-37,54-24
2003,3,San Francisco Giants,100,61,.621,4.7,4.0,0.7,-0.1,0.6,93-68,7,14-17,23-13,53-23,10-8,57-24,43-37,9-3,28-12,74-50,26-11,57-39,43-22
2003,4,Oakland Athletics,96,66,.593,4.7,4.0,0.8,0.0,0.8,94-68,2,28-13,25-20,34-24,9-9,57-24,39-42,10-4,25-20,70-47,26-19,44-43,52-23
2003,5,Boston Red Sox,95,67,.586,5.9,5.0,0.9,0.0,0.9,94-68,1,41-35,24-12,19-13,11-7,53-28,42-39,11-5,26-16,69-40,26-27,46-39,49-28
2003,6,Seattle Mariners,93,69,.574,4.9,3.9,1.0,-0.1,0.9,97-65,-4,18-23,32-13,33-25,10-8,50-31,43-38,6-6,16-15,60-53,33-16,45-33,48-36
2003,7,Florida Marlins,91,71,.562,4.6,4.3,0.4,0.1,0.5,87-75,4,48-28,19-20,15-17,9-6,53-28,38-43,6-4,30-23,64-60,27-11,53-48,38-23
2003,8,Minnesota Twins,90,72,.556,4.9,4.7,0.3,-0.3,0.0,85-77,5,17-15,43-33,20-16,10-8,48-33,42-39,9-8,22-20,65-43,25-29,39-42,51-30
2003,9,Chicago Cubs,88,74,.543,4.5,4.2,0.3,-0.1,0.2,85-77,3,15-15,47-37,17-13,9-9,44-37,44-37,8-3,27-17,70-54,18-20,42-45,46-29
2003,10,Houston Astros,87,75,.537,5.0,4.2,0.8,-0.1,0.7,94-68,-7,13-17,49-35,14-16,11-7,48-33,39-42,3-8,19-21,69-59,18-16,37-45,50-30
2003,11,Chicago White Sox,86,76,.531,4.9,4.4,0.5,-0.2,0.2,88-74,-2,21-15,42-34,13-19,10-8,51-30,35-46,8-4,18-22,60-51,26-25,48-47,38-29
2003,12,Toronto Blue Jays,86,76,.531,5.5,5.1,0.4,0.0,0.4,87-75,-1,37-39,22-14,17-15,10-8,41-40,45-36,4-4,14-23,60-58,26-18,40-45,46-31
2003,13,Philadelphia Phillies,86,76,.531,4.9,4.3,0.6,0.1,0.7,90-72,-4,39-37,21-18,18-14,8-7,49-32,37-44,10-3,20-18,72-59,14-17,54-49,32-27
2003,14,Los Angeles Dodgers,85,77,.525,3.5,3.4,0.1,-0.1,0.0,83-79,2,16-16,23-13,35-41,11-7,46-35,39-42,6-10,26-23,61-61,24-16,41-47,44-30
2003,15,St. Louis Cardinals,85,77,.525,5.4,4.9,0.5,-0.1,0.4,88-74,-3,17-13,46-38,12-18,10-8,48-33,37-44,7-6,14-25,66-60,19-17,42-50,43-27
2003,16,Arizona Diamondbacks,84,78,.519,4.4,4.2,0.2,-0.1,0.1,84-78,0,16-16,23-16,34-42,11-4,45-36,39-42,8-8,30-25,57-57,27-21,43-48,41-30
2003,17,Kansas City Royals,83,79,.512,5.2,5.4,-0.2,-0.2,-0.4,78-84,5,12-20,46-30,16-20,9-9,40-40,43-39,5-4,18-22,59-55,24-24,36-53,47-26
2003,18,Montreal Expos,83,79,.512,4.4,4.4,0.0,0.2,0.2,80-82,3,35-41,20-16,19-13,9-9,52-29,31-50,9-8,22-24,62-59,21-20,44-62,39-17
2003,19,Anaheim Angels,77,85,.475,4.5,4.6,0.0,0.1,0.0,80-82,-3,15-30,26-15,25-33,11-7,45-37,32-48,2-4,16-20,49-59,28-26,48-58,29-27
2003,20,Pittsburgh Pirates,75,87,.463,4.6,4.9,-0.3,0.0,-0.3,76-86,-1,15-18,39-45,16-17,5-7,39-42,36-45,5-5,24-27,55-62,20-25,41-61,34-26
2003,21,Colorado Rockies,74,88,.457,5.3,5.5,-0.2,-0.1,-0.3,78-84,-4,11-21,19-20,35-41,9-6,49-32,25-56,2-7,17-22,54-62,20-26,43-63,31-25
2003,22,Baltimore Orioles,71,91,.438,4.6,5.0,-0.5,0.2,-0.3,74-88,-3,31-45,14-18,21-15,5-13,40-40,31-51,4-10,21-22,54-61,17-30,40-70,31-21
2003,23,Texas Rangers,71,91,.438,5.1,6.0,-0.9,0.2,-0.7,69-93,2,22-23,21-20,24-34,4-14,43-38,28-53,5-7,17-20,50-56,21-35,41-65,30-26
2003,24,Cincinnati Reds,69,93,.426,4.3,5.5,-1.2,0.1,-1.1,63-99,6,14-19,34-50,14-19,7-5,35-46,34-47,15-5,30-21,53-64,16-29,43-61,26-32
2003,25,Cleveland Indians,68,94,.420,4.3,4.8,-0.5,-0.2,-0.7,73-89,-5,14-18,35-41,13-23,6-12,38-43,30-51,7-11,15-25,49-63,19-31,36-64,32-30
2003,26,Milwaukee Brewers,68,94,.420,4.4,5.4,-1.0,0.0,-0.9,66-96,2,14-22,37-47,12-18,5-7,31-50,37-44,6-10,25-21,52-72,16-22,35-68,33-26
2003,27,New York Mets,66,95,.410,4.0,4.7,-0.7,0.2,-0.4,69-92,-3,27-49,17-22,17-14,5-10,34-46,32-49,1-6,15-28,48-70,18-25,43-78,23-17
2003,28,San Diego Padres,64,98,.395,4.2,5.1,-0.9,0.1,-0.9,66-96,-2,10-22,13-23,33-43,8-10,35-46,29-52,8-8,21-20,47-68,17-30,46-67,18-31
2003,29,Tampa Bay Devil Rays,63,99,.389,4.4,5.3,-0.8,0.2,-0.7,68-94,-5,34-42,12-20,14-22,3-15,36-45,27-54,7-7,23-28,46-70,17-29,39-67,24-32
2003,30,Detroit Tigers,43,119,.265,3.6,5.7,-2.1,0.0,-2.1,49-113,-6,9-27,24-52,6-26,4-14,23-58,20-61,3-13,19-18,31-80,12-39,25-83,18-36
2004,1,St. Louis Cardinals,105,57,.648,5.3,4.1,1.2,-0.1,1.1,100-62,5,19-11,54-36,21-9,11-1,53-28,52-29,9-4,29-20,79-44,26-13,46-33,59-24
2004,2,New York Yankees,101,61,.623,5.5,5.0,0.5,0.0,0.6,89-73,12,49-27,20-12,22-14,10-8,57-24,44-37,5-4,24-16,65-49,36-12,35-30,66-31
2004,3,Boston Red Sox,98,64,.605,5.9,4.7,1.1,0.0,1.1,96-66,2,48-28,19-13,22-14,9-9,55-26,43-38,6-6,16-18,66-40,32-24,42-31,56-33
2004,4,Atlanta Braves,96,66,.593,5.0,4.1,0.8,-0.1,0.7,95-67,1,51-25,18-18,19-13,8-10,49-32,47-34,7-8,27-17,62-47,34-19,46-36,50-30
2004,5,Los Angeles Dodgers,93,69,.574,4.7,4.2,0.5,-0.2,0.3,89-73,4,14-18,22-14,47-29,10-8,49-32,44-37,11-3,32-16,70-47,23-22,44-43,49-26
2004,6,Minnesota Twins,92,70,.568,4.8,4.4,0.4,-0.1,0.3,87-75,5,19-17,46-30,16-16,11-7,49-32,43-38,12-6,24-16,62-47,30-23,28-29,64-41
2004,7,Anaheim Angels,92,70,.568,5.2,4.5,0.6,0.1,0.7,91-71,1,25-18,28-15,32-26,7-11,45-36,47-34,4-6,19-21,58-53,34-17,43-43,49-27
2004,8,Houston Astros,92,70,.568,5.0,4.3,0.6,0.0,0.6,91-71,1,16-14,55-35,14-16,7-5,48-33,44-37,3-7,24-18,73-53,19-17,41-41,51-29
2004,9,San Francisco Giants,91,71,.562,5.2,4.8,0.5,-0.2,0.3,88-74,3,19-13,20-16,41-35,11-7,47-35,44-36,8-10,18-25,59-53,32-18,44-41,47-30
2004,10,Oakland Athletics,91,71,.562,4.9,4.6,0.3,0.1,0.4,86-76,5,23-20,27-16,31-27,10-8,52-29,39-42,12-7,33-19,62-53,29-18,39-46,52-25
2004,11,Texas Rangers,89,73,.549,5.3,4.9,0.4,0.1,0.5,87-75,2,25-18,23-20,31-27,10-8,51-30,38-43,5-4,24-19,60-49,29-24,40-45,49-28
2004,12,Chicago Cubs,89,73,.549,4.9,4.1,0.8,0.0,0.7,94-68,-5,16-14,50-40,15-15,8-4,45-37,44-36,10-9,19-30,64-58,25-15,43-43,46-30
2004,13,San Diego Padres,87,75,.537,4.7,4.4,0.4,-0.2,0.2,87-75,0,18-14,19-17,42-34,8-10,42-39,45-36,7-4,25-15,58-52,29-23,37-43,50-32
2004,14,Philadelphia Phillies,86,76,.531,5.2,4.8,0.4,-0.1,0.3,86-76,0,39-37,18-18,20-12,9-9,42-39,44-37,10-8,23-20,63-53,23-23,38-45,48-31
2004,15,Chicago White Sox,83,79,.512,5.3,5.1,0.2,0.0,0.2,84-78,-1,16-16,40-36,19-17,8-10,46-35,37-44,6-7,28-18,62-44,21-35,33-41,50-38
2004,16,Florida Marlins,83,79,.512,4.4,4.3,0.1,-0.1,0.0,83-79,0,43-33,15-21,18-14,7-11,42-38,41-41,5-10,20-17,58-59,25-20,36-45,47-34
2004,17,Cleveland Indians,80,82,.494,5.3,5.3,0.0,0.0,0.0,81-81,-1,17-15,36-40,17-19,10-8,44-37,36-45,11-13,26-20,56-48,24-34,37-47,43-35
2004,18,Baltimore Orioles,78,84,.481,5.2,5.1,0.1,0.1,0.1,82-80,-4,37-39,21-15,15-17,5-13,38-43,40-41,6-7,15-22,56-55,22-29,32-56,46-28
2004,19,Cincinnati Reds,76,86,.469,4.6,5.6,-1.0,0.1,-0.9,67-95,9,18-12,38-52,15-15,5-7,40-41,36-45,12-7,25-20,53-62,23-24,42-53,34-33
2004,20,Pittsburgh Pirates,72,89,.447,4.2,4.6,-0.4,0.0,-0.4,74-87,-2,17-13,37-52,16-14,2-10,39-41,33-48,8-7,20-26,58-68,14-21,35-62,37-27
2004,21,Detroit Tigers,72,90,.444,5.1,5.2,-0.1,0.0,-0.1,79-83,-7,12-20,36-40,15-21,9-9,38-43,34-47,6-9,12-27,48-52,24-38,39-49,33-41
2004,22,New York Mets,71,91,.438,4.2,4.5,-0.3,0.0,-0.3,76-86,-5,29-47,15-21,17-15,10-8,38-43,33-48,11-6,23-24,54-64,17-27,38-65,33-26
2004,23,Tampa Bay Devil Rays,70,91,.435,4.4,5.2,-0.8,0.1,-0.7,68-93,2,26-49,19-17,10-22,15-3,41-39,29-52,6-7,17-19,45-70,25-21,30-60,40-31
2004,24,Colorado Rockies,68,94,.420,5.1,5.7,-0.6,-0.1,-0.6,73-89,-5,11-21,10-26,39-37,8-10,38-43,30-51,3-11,16-24,42-73,26-21,39-62,29-32
2004,25,Toronto Blue Jays,67,94,.416,4.5,5.1,-0.6,0.1,-0.5,71-90,-4,29-46,13-19,17-19,8-10,40-41,27-53,4-7,17-22,47-65,20-29,32-55,35-39
2004,26,Milwaukee Brewers,67,94,.416,3.9,4.7,-0.8,0.1,-0.7,68-93,-1,11-19,35-54,13-17,8-4,36-45,31-49,5-12,18-20,56-73,11-21,37-61,30-33
2004,27,Montreal Expos,67,95,.414,3.9,4.7,-0.8,0.0,-0.8,67-95,0,28-48,17-19,15-17,7-11,35-45,32-50,5-8,16-30,46-67,21-28,36-65,31-30
2004,28,Seattle Mariners,63,99,.389,4.3,5.1,-0.8,0.2,-0.6,69-93,-6,13-30,19-24,22-36,9-9,38-44,25-55,11-6,20-30,44-68,19-31,37-66,26-33
2004,29,Kansas City Royals,58,104,.358,4.4,5.6,-1.1,0.1,-1.0,64-98,-6,12-24,32-44,8-24,6-12,33-47,25-57,4-7,14-19,36-79,22-25,25-62,33-42
2004,30,Arizona Diamondbacks,51,111,.315,3.8,5.5,-1.8,0.0,-1.7,54-108,-3,9-23,15-21,21-55,6-12,29-52,22-59,6-8,15-31,38-70,13-41,30-70,21-41
2005,1,St. Louis Cardinals,100,62,.617,5.0,3.9,1.1,-0.3,0.7,98-64,2,18-14,51-29,21-14,10-5,50-31,50-31,5-3,21-25,68-42,32-20,47-30,53-32
2005,2,Chicago White Sox,99,63,.611,4.6,4.0,0.6,0.1,0.7,91-71,8,20-13,52-22,15-22,12-6,47-34,52-29,11-8,35-19,76-43,23-20,39-33,60-30
2005,3,New York Yankees,95,67,.586,5.5,4.9,0.6,0.3,0.9,90-72,5,41-33,18-13,25-14,11-7,53-28,42-39,4-4,27-16,65-44,30-23,36-33,59-34
2005,4,Los Angeles Angels of Anaheim,95,67,.586,4.7,4.0,0.7,0.3,1.0,93-69,2,19-22,30-17,34-22,12-6,49-32,46-35,9-10,33-26,70-42,25-25,44-35,51-32
2005,5,Boston Red Sox,95,67,.586,5.6,5.0,0.6,0.3,0.9,90-72,5,39-35,22-13,22-13,12-6,54-27,41-40,6-2,27-15,66-45,29-22,39-28,56-39
2005,6,Cleveland Indians,93,69,.574,4.9,4.0,0.9,0.0,1.0,96-66,-3,19-17,40-35,19-14,15-3,43-38,50-31,6-8,22-36,67-45,26-24,31-40,62-29
2005,7,Atlanta Braves,90,72,.556,4.7,4.2,0.6,-0.1,0.5,91-71,-1,42-33,28-14,13-17,7-8,53-28,37-44,6-7,23-20,68-56,22-16,57-51,33-21
2005,8,Houston Astros,89,73,.549,4.3,3.7,0.5,-0.2,0.3,91-71,-2,20-16,43-36,19-13,7-8,53-28,36-45,4-4,25-21,64-49,25-24,39-35,50-38
2005,9,Philadelphia Phillies,88,74,.543,5.0,4.5,0.5,-0.1,0.4,89-73,-1,38-37,21-20,22-9,7-8,46-35,42-39,6-4,21-23,59-55,29-19,54-54,34-20
2005,10,Oakland Athletics,88,74,.543,4.8,4.1,0.7,0.3,1.0,93-69,-5,21-27,25-15,32-24,10-8,45-36,43-38,10-4,26-24,60-56,28-18,37-41,51-33
2005,11,Florida Marlins,83,79,.512,4.4,4.5,-0.1,-0.1,-0.2,79-83,4,34-39,21-22,18-13,10-5,45-36,38-43,5-9,20-23,62-63,21-16,47-56,36-23
2005,12,New York Mets,83,79,.512,4.5,4.0,0.5,-0.1,0.4,89-73,-6,38-36,20-21,20-12,5-10,48-33,35-46,8-6,21-24,65-58,18-21,57-58,26-21
2005,13,Minnesota Twins,83,79,.512,4.2,4.1,0.2,0.2,0.3,84-78,-1,18-12,40-35,17-22,8-10,45-36,38-43,15-8,27-30,59-55,24-24,33-45,50-34
2005,14,San Diego Padres,82,80,.506,4.2,4.5,-0.3,-0.5,-0.7,77-85,5,16-14,20-21,39-34,7-11,46-35,36-45,9-8,29-20,61-57,21-23,31-29,51-51
2005,15,Milwaukee Brewers,81,81,.500,4.5,4.3,0.2,-0.2,0.0,84-78,-3,18-18,38-41,17-15,8-7,46-35,35-46,3-8,21-21,54-61,27-20,36-47,45-34
2005,16,Washington Nationals,81,81,.500,3.9,4.2,-0.2,0.0,-0.2,77-85,4,34-41,19-20,16-14,12-6,41-40,40-41,6-11,30-31,58-58,23-23,48-60,33-21
2005,17,Toronto Blue Jays,80,82,.494,4.8,4.4,0.4,0.2,0.7,88-74,-8,38-36,15-19,19-17,8-10,43-38,37-44,4-6,16-31,57-58,23-24,39-46,41-36
2005,18,Texas Rangers,79,83,.488,5.3,5.3,0.0,0.4,0.4,82-80,-3,20-27,25-15,25-32,9-9,44-37,35-46,7-8,24-29,65-58,14-25,41-58,38-25
2005,19,Chicago Cubs,79,83,.488,4.3,4.4,-0.1,-0.1,-0.2,80-82,-1,11-23,43-36,19-15,6-9,38-43,41-40,5-5,26-20,55-56,24-27,46-55,33-28
2005,20,Arizona Diamondbacks,77,85,.475,4.3,5.3,-1.0,-0.4,-1.4,66-96,11,11-21,17-22,41-32,8-10,36-45,41-40,8-7,28-18,59-62,18-23,31-48,46-37
2005,21,San Francisco Giants,75,87,.463,4.0,4.6,-0.6,-0.4,-1.0,71-91,4,11-19,20-21,38-35,6-12,37-44,38-43,4-7,27-25,51-67,24-20,30-50,45-37
2005,22,Baltimore Orioles,74,88,.457,4.5,4.9,-0.4,0.3,-0.1,74-88,0,36-37,13-22,17-19,8-10,36-45,38-43,2-6,14-25,49-58,25-30,31-51,43-37
2005,23,Cincinnati Reds,73,89,.451,5.0,5.5,-0.4,-0.1,-0.5,75-87,-2,16-19,33-46,17-16,7-8,42-39,31-50,5-2,21-18,49-60,24-29,37-61,36-28
2005,24,Los Angeles Dodgers,71,91,.438,4.2,4.7,-0.4,-0.5,-0.9,74-88,-3,13-18,20-19,33-41,5-13,40-41,31-50,7-5,20-23,55-69,16-22,36-44,35-47
2005,25,Detroit Tigers,71,91,.438,4.5,4.9,-0.4,0.2,-0.2,75-87,-4,19-19,29-46,14-17,9-9,39-42,32-49,8-3,22-26,50-70,21-21,32-59,39-32
2005,26,Seattle Mariners,69,93,.426,4.3,4.6,-0.3,0.4,0.1,76-86,-7,17-25,21-26,21-34,10-8,39-42,30-51,2-5,26-23,47-66,22-27,41-58,28-35
2005,27,Colorado Rockies,67,95,.414,4.6,5.3,-0.8,-0.4,-1.2,70-92,-3,14-17,15-28,32-41,6-9,40-41,27-54,4-4,25-24,49-70,18-25,27-48,40-47
2005,28,Tampa Bay Devil Rays,67,95,.414,4.6,5.8,-1.1,0.4,-0.7,65-97,2,31-44,15-22,18-14,3-15,40-41,27-54,5-4,29-25,47-63,20-32,37-53,30-42
2005,29,Pittsburgh Pirates,67,95,.414,4.2,4.7,-0.5,-0.2,-0.7,72-90,-5,14-19,30-50,18-19,5-7,34-47,33-48,4-8,15-28,48-68,19-27,36-58,31-37
2005,30,Kansas City Royals,56,106,.346,4.3,5.8,-1.4,0.3,-1.1,60-102,-4,13-22,26-49,8-26,9-9,34-47,22-59,4-8,18-30,39-68,17-38,28-61,28-45
2006,1,New York Mets,97,65,.599,5.1,4.5,0.6,-0.3,0.3,91-71,6,45-29,23-17,23-10,6-9,50-31,47-34,9-5,31-16,72-43,25-22,33-24,64-41
2006,2,New York Yankees,97,65,.599,5.7,4.7,1.0,0.2,1.2,95-67,2,46-28,23-12,18-17,10-8,50-31,47-34,7-3,24-22,66-48,31-17,45-39,52-26
2006,3,Minnesota Twins,96,66,.593,4.9,4.2,0.7,0.3,1.1,93-69,3,22-13,41-35,17-16,16-2,54-27,42-39,10-4,20-11,62-40,34-26,41-38,55-28
2006,4,Detroit Tigers,95,67,.586,5.1,4.2,0.9,0.3,1.2,95-67,0,16-17,45-30,19-17,15-3,46-35,49-32,4-8,24-20,62-47,33-20,40-40,55-27
2006,5,Oakland Athletics,93,69,.574,4.8,4.5,0.3,0.4,0.7,85-77,8,29-15,22-21,34-23,8-10,49-32,44-37,9-4,32-22,70-51,23-18,42-37,51-32
2006,6,Chicago White Sox,90,72,.556,5.4,4.9,0.5,0.4,0.8,88-74,2,17-17,40-36,19-15,14-4,49-32,41-40,7-8,24-21,59-38,31-34,44-36,46-36
2006,7,Los Angeles Angels of Anaheim,89,73,.549,4.7,4.5,0.2,0.4,0.6,84-78,5,26-19,24-18,32-25,7-11,45-36,44-37,8-7,25-22,59-52,30-21,39-38,50-35
2006,8,San Diego Padres,88,74,.543,4.5,4.2,0.3,-0.3,0.0,86-76,2,16-18,26-12,39-36,7-8,43-38,45-36,10-12,30-22,71-57,17-17,30-19,58-55
2006,9,Los Angeles Dodgers,88,74,.543,5.1,4.6,0.4,-0.3,0.1,88-74,0,19-13,21-20,43-31,5-10,49-32,39-42,3-8,20-20,69-58,19-16,19-38,69-36
2006,10,Toronto Blue Jays,87,75,.537,5.0,4.7,0.3,0.3,0.6,86-76,1,43-31,18-17,17-18,9-9,50-31,37-44,7-1,20-10,59-56,28-19,45-40,42-35
2006,11,Boston Red Sox,86,76,.531,5.1,5.1,0.0,0.3,0.3,81-81,5,40-35,15-19,15-20,16-2,48-33,38-43,5-7,29-20,61-45,25-31,37-44,49-32
2006,12,Philadelphia Phillies,85,77,.525,5.3,5.0,0.3,-0.3,0.0,86-76,-1,41-34,20-17,19-13,5-13,41-40,44-37,5-11,22-23,62-55,23-22,23-33,62-44
2006,13,St. Louis Cardinals,83,78,.516,4.9,4.7,0.1,-0.5,-0.4,82-79,1,16-15,39-42,23-11,5-10,49-31,34-47,5-6,22-27,60-44,23-34,21-26,62-52
2006,14,Houston Astros,82,80,.506,4.5,4.4,0.1,-0.4,-0.3,83-79,-1,16-18,45-32,14-19,7-11,44-37,38-43,5-10,25-21,60-64,22-16,21-28,61-52
2006,15,Cincinnati Reds,80,82,.494,4.6,4.9,-0.3,-0.4,-0.7,76-86,4,17-15,46-38,11-20,6-9,42-39,38-43,5-8,27-20,56-58,24-24,27-34,53-48
2006,16,Texas Rangers,80,82,.494,5.2,4.8,0.3,0.4,0.7,86-76,-6,22-21,22-22,29-28,7-11,39-42,41-40,2-5,17-26,58-59,22-23,46-55,34-27
2006,17,Atlanta Braves,79,83,.488,5.2,5.0,0.3,-0.3,0.0,85-77,-6,35-38,22-17,17-18,5-10,40-41,39-42,8-3,19-33,61-60,18-23,32-41,47-42
2006,18,Florida Marlins,78,84,.481,4.7,4.8,-0.1,-0.3,-0.4,80-82,-2,33-42,22-17,14-16,9-9,42-39,36-45,5-7,20-26,58-56,20-28,27-45,51-39
2006,19,Cleveland Indians,78,84,.481,5.4,4.8,0.5,0.4,0.9,89-73,-11,19-14,35-40,16-20,8-10,44-37,34-47,5-3,18-26,53-52,25-32,45-53,33-31
2006,20,Seattle Mariners,78,84,.481,4.7,4.9,-0.2,0.4,0.2,78-84,0,25-19,20-23,19-38,14-4,44-37,34-47,8-8,20-24,59-60,19-24,41-57,37-27
2006,21,San Francisco Giants,76,85,.472,4.6,4.9,-0.3,-0.2,-0.5,76-85,0,12-19,19-21,37-38,8-7,43-38,33-47,6-7,23-22,61-63,15-22,33-37,43-48
2006,22,Arizona Diamondbacks,76,86,.469,4.8,4.9,-0.1,-0.3,-0.3,80-82,-4,11-21,24-16,37-38,4-11,39-42,37-44,7-5,22-26,55-67,21-19,31-41,45-45
2006,23,Colorado Rockies,76,86,.469,5.0,5.0,0.0,-0.3,-0.2,81-81,-5,18-15,16-23,31-44,11-4,44-37,32-49,8-4,19-25,59-74,17-12,31-44,45-42
2006,24,Milwaukee Brewers,75,87,.463,4.5,5.1,-0.6,-0.4,-1.0,71-91,4,13-18,37-45,19-15,6-9,48-33,27-54,7-2,27-27,56-67,19-20,28-37,47-50
2006,25,Washington Nationals,71,91,.438,4.6,5.4,-0.8,-0.2,-1.0,70-92,1,31-42,20-19,13-19,7-11,41-40,30-51,7-6,23-20,47-68,24-23,28-45,43-46
2006,26,Baltimore Orioles,70,92,.432,4.7,5.5,-0.8,0.4,-0.4,69-93,1,31-44,17-17,13-22,9-9,40-41,30-51,3-6,22-20,54-59,16-33,36-64,34-28
2006,27,Pittsburgh Pirates,67,95,.414,4.3,4.9,-0.7,-0.4,-1.0,70-92,-3,15-19,34-44,15-20,3-12,43-38,24-57,5-7,24-31,54-59,13-36,23-48,44-47
2006,28,Chicago Cubs,66,96,.407,4.4,5.1,-0.7,-0.3,-1.1,70-92,-4,10-22,42-42,10-21,4-11,36-45,30-51,4-7,15-26,44-66,22-30,29-43,37-53
2006,29,Kansas City Royals,62,100,.383,4.7,6.0,-1.3,0.6,-0.8,63-99,-1,12-25,27-47,13-20,10-8,34-47,28-53,6-6,14-24,49-64,13-36,40-69,22-31
2006,30,Tampa Bay Devil Rays,61,101,.377,4.3,5.3,-1.0,0.4,-0.6,65-97,-4,26-48,13-21,11-25,11-7,41-40,20-61,5-7,17-22,44-72,17-29,34-63,27-38
2007,1,Boston Red Sox,96,66,.593,5.4,4.1,1.3,0.3,1.6,101-61,-5,42-30,22-13,20-17,12-6,51-30,45-36,2-5,22-28,71-43,25-23,44-40,52-26
2007,2,Cleveland Indians,96,66,.593,5.0,4.3,0.7,0.2,0.8,91-71,5,18-18,48-24,21-15,9-9,51-29,45-37,11-8,29-24,64-47,32-19,30-30,66-36
2007,3,Los Angeles Angels of Anaheim,94,68,.580,5.1,4.5,0.6,0.2,0.8,90-72,4,26-18,22-21,32-25,14-4,54-27,40-41,7-3,25-19,75-47,19-21,41-28,53-40
2007,4,New York Yankees,94,68,.580,6.0,4.8,1.2,0.2,1.4,97-65,-3,39-33,30-11,15-16,10-8,52-29,42-39,4-9,18-21,74-49,20-19,44-37,50-31
2007,5,Arizona Diamondbacks,90,72,.556,4.4,4.5,-0.1,-0.2,-0.3,79-83,11,24-9,22-20,36-36,8-7,50-31,40-41,8-6,32-20,62-55,28-17,45-47,45-25
2007,6,Colorado Rockies,90,73,.552,5.3,4.7,0.6,-0.2,0.4,91-72,-1,17-15,20-20,43-30,10-8,51-31,39-42,11-10,19-19,70-49,20-24,54-42,36-31
2007,7,Philadelphia Phillies,89,73,.549,5.5,5.1,0.4,-0.3,0.2,87-75,2,42-30,25-16,14-20,8-7,47-34,42-39,11-8,14-23,63-47,26-26,43-42,46-31
2007,8,San Diego Padres,89,74,.546,4.5,4.1,0.5,-0.2,0.2,89-74,0,17-16,26-16,40-33,6-9,47-34,42-40,11-10,23-26,60-52,29-22,48-51,41-23
2007,9,Seattle Mariners,88,74,.543,4.9,5.0,-0.1,0.3,0.2,79-83,9,25-19,23-20,31-26,9-9,49-33,39-41,5-2,27-20,60-61,28-13,32-41,56-33
2007,10,Detroit Tigers,88,74,.543,5.5,4.9,0.6,0.2,0.8,89-73,-1,20-15,36-36,18-19,14-4,45-36,43-38,8-10,27-19,60-59,28-15,35-35,53-39
2007,11,New York Mets,88,74,.543,5.0,4.6,0.3,-0.2,0.1,86-76,2,35-37,28-12,17-18,8-7,41-40,47-34,7-8,22-15,59-50,29-24,41-46,47-28
2007,12,Chicago Cubs,85,77,.525,4.6,4.3,0.4,-0.4,-0.1,87-75,-2,15-21,45-34,17-18,8-4,44-37,41-40,2-8,23-22,66-53,19-24,32-37,53-40
2007,13,Atlanta Braves,84,78,.519,5.0,4.5,0.5,-0.2,0.2,88-74,-4,39-33,22-20,19-14,4-11,44-37,40-41,6-9,18-25,53-46,31-32,47-43,37-35
2007,14,Milwaukee Brewers,83,79,.512,4.9,4.8,0.2,-0.4,-0.2,83-79,0,16-17,43-36,16-19,8-7,51-30,32-49,8-6,22-21,55-56,28-23,27-37,56-42
2007,15,Toronto Blue Jays,83,79,.512,4.6,4.3,0.3,0.3,0.7,87-75,-4,36-36,19-18,18-17,10-8,49-32,34-47,8-9,29-25,57-62,26-17,38-39,45-40
2007,16,Los Angeles Dodgers,82,80,.506,4.5,4.5,0.0,-0.2,-0.1,82-80,0,20-16,23-16,34-38,5-10,43-38,39-42,9-4,28-20,56-58,26-22,48-54,34-26
2007,17,Minnesota Twins,79,83,.488,4.4,4.5,0.0,0.3,0.2,80-82,-1,19-19,28-44,21-13,11-7,41-40,38-43,5-7,22-22,57-59,22-24,36-54,43-29
2007,18,St. Louis Cardinals,78,84,.481,4.5,5.1,-0.6,-0.3,-1.0,71-91,7,14-21,43-37,15-17,6-9,43-38,35-46,7-4,16-20,49-57,29-27,37-50,41-34
2007,19,Oakland Athletics,76,86,.469,4.6,4.7,-0.1,0.3,0.2,79-83,-3,21-20,21-25,24-33,10-8,40-41,36-45,11-5,25-24,52-64,24-22,38-46,38-40
2007,20,Texas Rangers,75,87,.463,5.0,5.2,-0.2,0.3,0.1,79-83,-4,20-25,17-25,27-30,11-7,47-34,28-53,5-9,26-18,53-62,22-25,38-50,37-37
2007,21,Houston Astros,73,89,.451,4.5,5.0,-0.6,-0.3,-0.9,72-90,1,13-18,35-44,16-18,9-9,42-39,31-50,9-10,25-26,51-66,22-23,38-48,35-41
2007,22,Washington Nationals,73,89,.451,4.2,4.8,-0.7,-0.2,-0.8,70-92,3,32-40,21-18,11-22,9-9,40-41,33-48,5-9,27-24,48-65,25-24,35-67,38-22
2007,23,Chicago White Sox,72,90,.444,4.3,5.2,-0.9,0.4,-0.5,67-95,5,17-23,39-33,12-20,4-14,38-43,34-47,6-7,16-26,56-62,16-28,33-54,39-36
2007,24,Cincinnati Reds,72,90,.444,4.8,5.3,-0.4,-0.3,-0.7,75-87,-3,15-19,36-43,14-17,7-11,39-42,33-48,10-8,26-24,49-54,23-36,42-47,30-43
2007,25,Florida Marlins,71,91,.438,4.9,5.5,-0.6,-0.2,-0.8,72-90,-1,32-40,18-20,12-22,9-9,36-45,35-46,7-6,22-24,50-63,21-28,44-53,27-38
2007,26,San Francisco Giants,71,91,.438,4.2,4.4,-0.2,-0.1,-0.3,77-85,-6,18-17,20-20,28-44,5-10,39-42,32-49,6-15,24-28,49-65,22-26,48-70,23-21
2007,27,Baltimore Orioles,69,93,.426,4.7,5.4,-0.7,0.4,-0.3,71-91,-2,34-38,16-19,13-24,6-12,35-46,34-47,10-7,13-31,50-66,19-27,36-62,33-31
2007,28,Kansas City Royals,69,93,.426,4.4,4.8,-0.4,0.3,-0.2,74-88,-5,11-26,29-43,19-16,10-8,35-46,34-47,5-8,21-22,50-67,19-26,34-50,35-43
2007,29,Pittsburgh Pirates,68,94,.420,4.5,5.2,-0.8,-0.3,-1.1,70-92,-2,13-18,36-44,14-22,5-10,37-44,31-50,8-7,16-22,45-69,23-25,29-59,39-35
2007,30,Tampa Bay Devil Rays,66,96,.407,4.8,5.8,-1.0,0.5,-0.5,67-95,-1,29-43,14-24,16-18,7-11,37-44,29-52,8-3,22-21,45-71,21-25,38-60,28-36
2008,1,Los Angeles Angels of Anaheim,100,62,.617,4.7,4.3,0.4,0.3,0.7,88-74,12,30-16,24-17,36-21,10-8,50-31,50-31,3-5,31-21,67-46,33-16,46-30,54-32
2008,2,Chicago Cubs,97,64,.602,5.3,4.2,1.1,-0.4,0.8,98-63,-1,20-12,48-33,23-10,6-9,55-26,42-38,10-6,24-22,66-48,31-16,51-42,46-22
2008,3,Tampa Bay Rays,97,65,.599,4.8,4.1,0.6,0.5,1.1,92-70,5,43-29,20-18,22-12,12-6,57-24,40-41,10-6,29-18,72-41,25-24,55-46,42-19
2008,4,Boston Red Sox,95,67,.586,5.2,4.3,0.9,0.4,1.3,95-67,0,38-34,24-10,22-16,11-7,56-25,39-42,8-3,22-23,70-54,25-13,49-49,46-18
2008,5,Philadelphia Phillies,92,70,.568,4.9,4.2,0.7,-0.4,0.4,93-69,-1,41-31,27-16,20-12,4-11,48-33,44-37,6-7,27-23,60-48,32-22,43-46,49-24
2008,6,Milwaukee Brewers,90,72,.556,4.6,4.3,0.4,-0.3,0.1,87-75,3,16-19,47-32,20-13,7-8,49-32,41-40,12-8,28-17,57-52,33-20,41-48,49-24
2008,7,New York Mets,89,73,.549,4.9,4.4,0.5,-0.4,0.1,89-73,0,40-32,20-20,20-15,9-6,48-33,41-40,9-9,16-19,55-52,34-21,46-38,43-35
2008,8,New York Yankees,89,73,.549,4.9,4.5,0.4,0.5,0.8,87-75,2,40-32,21-19,18-14,10-8,48-33,41-40,7-3,27-18,65-51,24-22,51-46,38-27
2008,9,Chicago White Sox,89,74,.546,5.0,4.5,0.5,0.4,0.9,89-74,0,15-26,44-29,18-13,12-6,54-28,35-46,8-4,22-17,58-54,31-20,40-48,49-26
2008,10,Minnesota Twins,88,75,.540,5.1,4.6,0.5,0.3,0.8,89-74,-1,13-22,43-30,18-19,14-4,53-28,35-47,8-10,26-26,59-51,29-24,40-43,48-32
2008,11,Houston Astros,86,75,.534,4.4,4.6,-0.2,-0.2,-0.4,77-84,9,17-15,43-35,19-14,7-11,47-33,39-42,5-3,21-21,60-55,26-20,43-46,43-29
2008,12,St. Louis Cardinals,86,76,.531,4.8,4.5,0.3,-0.3,0.0,86-76,0,22-14,36-41,21-13,7-8,46-35,40-41,6-12,24-28,59-47,27-29,43-44,43-32
2008,13,Toronto Blue Jays,86,76,.531,4.4,3.8,0.6,0.4,1.1,93-69,-7,37-35,24-12,17-19,8-10,47-34,39-42,6-9,24-32,66-53,20-23,45-48,41-28
2008,14,Florida Marlins,84,77,.522,4.8,4.8,0.0,-0.3,-0.3,81-80,3,40-31,19-20,20-16,5-10,45-36,39-41,9-5,24-19,61-56,23-21,43-41,41-36
2008,15,Los Angeles Dodgers,84,78,.519,4.3,4.0,0.3,-0.5,-0.1,87-75,-3,16-18,23-18,40-32,5-10,48-33,36-45,6-12,19-24,53-57,31-21,37-41,47-37
2008,16,Arizona Diamondbacks,82,80,.506,4.4,4.4,0.1,-0.5,-0.4,82-80,0,15-21,17-22,44-28,6-9,48-33,34-47,4-6,22-23,54-60,28-20,28-44,54-36
2008,17,Cleveland Indians,81,81,.500,5.0,4.7,0.3,0.3,0.6,85-77,-4,20-15,36-36,19-18,6-12,45-36,36-45,5-9,14-17,60-58,21-23,37-38,44-43
2008,18,Texas Rangers,79,83,.488,5.6,6.0,-0.4,0.3,-0.1,76-86,3,17-26,22-22,30-27,10-8,40-41,39-42,5-6,28-18,58-52,21-31,37-54,42-29
2008,19,Oakland Athletics,75,86,.466,4.0,4.3,-0.3,0.3,0.1,76-85,-1,17-23,22-24,26-31,10-8,43-38,32-48,8-7,25-24,50-58,25-28,39-52,36-34
2008,20,Kansas City Royals,75,87,.463,4.3,4.8,-0.6,0.4,-0.1,72-90,3,14-26,31-41,17-15,13-5,38-43,37-44,7-6,20-18,39-63,36-24,41-62,34-25
2008,21,Colorado Rockies,74,88,.457,4.6,5.1,-0.5,-0.4,-0.9,74-88,0,15-21,21-18,31-41,7-8,43-38,31-50,6-6,25-20,48-67,26-21,37-56,37-32
2008,22,Detroit Tigers,74,88,.457,5.1,5.3,-0.2,0.4,0.1,78-84,-4,15-20,27-45,19-18,13-5,40-41,34-47,3-9,16-25,48-66,26-22,41-59,33-29
2008,23,Cincinnati Reds,74,88,.457,4.3,4.9,-0.6,-0.2,-0.8,72-90,2,19-17,31-47,15-18,9-6,43-38,31-50,9-8,28-20,44-63,30-25,51-64,23-24
2008,24,Atlanta Braves,72,90,.444,4.6,4.8,-0.2,-0.3,-0.5,79-83,-7,31-41,13-28,20-14,8-7,43-38,29-52,3-10,11-30,52-57,20-33,45-57,27-33
2008,25,San Francisco Giants,72,90,.444,4.0,4.7,-0.7,-0.4,-1.1,68-94,4,19-13,11-29,36-36,6-12,37-44,35-46,10-5,31-21,56-59,16-31,33-55,39-35
2008,26,Baltimore Orioles,68,93,.422,4.9,5.4,-0.5,0.5,0.0,73-88,-5,22-50,20-18,15-18,11-7,37-43,31-50,5-6,21-29,52-61,16-32,42-71,26-22
2008,27,Pittsburgh Pirates,67,95,.414,4.5,5.5,-0.9,-0.2,-1.1,67-95,0,15-17,32-49,14-20,6-9,39-42,28-53,12-6,22-21,53-67,14-28,40-70,27-25
2008,28,San Diego Padres,63,99,.389,3.9,4.7,-0.8,-0.4,-1.2,68-94,-5,15-16,16-25,29-43,3-15,35-46,28-53,6-8,16-28,43-62,20-37,34-57,29-42
2008,29,Seattle Mariners,61,101,.377,4.1,5.0,-0.9,0.3,-0.5,67-95,-6,15-29,15-28,22-35,9-9,35-46,26-55,5-7,18-30,40-70,21-31,31-52,30-49
2008,30,Washington Nationals,59,102,.366,4.0,5.1,-1.1,-0.2,-1.4,62-99,-3,27-44,15-25,9-23,8-10,34-46,25-56,7-7,20-29,37-66,22-36,29-68,30-34
2009,1,New York Yankees,103,59,.636,5.6,4.6,1.0,0.3,1.3,95-67,8,45-27,25-9,23-15,10-8,57-24,46-35,7-3,22-16,67-41,36-18,52-35,51-24
2009,2,Los Angeles Angels of Anaheim,97,65,.599,5.5,4.7,0.8,0.3,1.0,92-70,5,26-17,27-17,30-27,14-4,49-32,48-33,7-4,27-18,60-48,37-17,50-44,47-21
2009,3,Los Angeles Dodgers,95,67,.586,4.8,3.8,1.0,-0.2,0.8,99-63,-4,18-13,22-19,46-26,9-9,50-31,45-36,12-9,28-22,68-47,27-20,48-35,47-32
2009,4,Boston Red Sox,95,67,.586,5.4,4.5,0.8,0.3,1.1,93-69,2,45-27,26-12,13-21,11-7,56-25,39-42,4-6,22-17,65-42,30-25,44-41,51-26
2009,5,Philadelphia Phillies,93,69,.574,5.1,4.4,0.7,-0.2,0.4,92-70,1,44-28,23-16,20-13,6-12,45-36,48-33,11-5,24-21,64-53,29-16,40-36,53-33
2009,6,Colorado Rockies,92,70,.568,5.0,4.4,0.5,-0.2,0.4,90-72,2,17-16,31-11,33-39,11-4,51-30,41-40,4-5,23-20,65-44,27-26,38-43,54-27
2009,7,St. Louis Cardinals,91,71,.562,4.5,4.0,0.6,-0.4,0.1,91-71,0,17-16,46-34,19-15,9-6,46-35,45-36,5-6,24-21,63-50,28-21,28-32,63-39
2009,8,San Francisco Giants,88,74,.543,4.1,3.8,0.3,-0.2,0.1,86-76,2,19-16,22-18,38-34,9-6,52-29,36-45,9-7,21-22,65-53,23-21,39-40,49-34
2009,9,Texas Rangers,87,75,.537,4.8,4.6,0.3,0.3,0.5,85-77,2,27-20,21-19,30-27,9-9,48-33,39-42,6-4,19-18,58-48,29-27,46-44,41-31
2009,10,Florida Marlins,87,75,.537,4.8,4.7,0.0,-0.2,-0.1,82-80,5,42-30,18-21,17-16,10-8,43-38,44-37,7-7,30-20,58-53,29-22,39-41,48-34
2009,11,Minnesota Twins,87,76,.534,5.0,4.7,0.3,0.1,0.4,86-77,1,10-22,46-27,19-21,12-6,49-33,38-43,7-7,24-20,59-44,28-32,36-38,51-38
2009,12,Atlanta Braves,86,76,.531,4.5,4.0,0.6,-0.2,0.4,91-71,-5,41-31,20-20,18-17,7-8,40-41,46-35,9-7,27-25,55-54,31-22,40-39,46-37
2009,13,Detroit Tigers,86,77,.528,4.6,4.6,0.0,0.1,0.1,81-82,5,15-21,39-34,22-14,10-8,51-30,35-47,6-5,28-22,57-57,29-20,36-39,50-38
2009,14,Seattle Mariners,85,77,.525,4.0,4.3,-0.3,0.3,0.0,75-87,10,21-19,22-25,31-26,11-7,48-33,37-44,9-7,35-20,57-47,28-30,43-47,42-30
2009,15,Tampa Bay Rays,84,78,.519,5.0,4.7,0.3,0.3,0.6,86-76,-2,40-32,19-20,12-21,13-5,52-29,32-49,6-3,20-25,54-48,30-30,37-47,47-31
2009,16,Chicago Cubs,83,78,.516,4.4,4.2,0.2,-0.4,-0.1,84-77,-1,15-17,47-32,15-20,6-9,46-34,37-44,9-7,16-22,67-62,16-16,23-38,60-40
2009,17,Milwaukee Brewers,80,82,.494,4.8,5.0,-0.2,-0.3,-0.5,78-84,2,19-15,42-37,14-20,5-10,40-41,40-41,5-5,20-23,59-64,21-18,35-50,45-32
2009,18,Chicago White Sox,79,83,.488,4.5,4.5,0.0,0.1,0.1,80-82,-1,18-21,34-38,15-18,12-6,43-38,36-45,4-6,19-27,54-59,25-24,45-47,34-36
2009,19,Cincinnati Reds,78,84,.481,4.2,4.5,-0.3,-0.3,-0.6,76-86,2,16-19,46-34,10-22,6-9,40-41,38-43,8-7,19-20,59-59,19-25,28-44,50-40
2009,20,Oakland Athletics,75,87,.463,4.7,4.7,0.0,0.4,0.3,81-81,-6,21-23,26-17,23-34,5-13,40-41,35-46,3-10,15-23,56-56,19-31,48-69,27-18
2009,21,San Diego Padres,75,87,.463,3.9,4.7,-0.8,-0.1,-0.9,67-95,8,16-16,21-22,33-39,5-10,42-39,33-48,10-7,23-18,49-58,26-29,43-58,32-29
2009,22,Toronto Blue Jays,75,87,.463,4.9,4.8,0.2,0.4,0.5,84-78,-9,26-46,23-15,19-15,7-11,44-37,31-50,7-13,21-28,53-59,22-28,44-63,31-24
2009,23,Houston Astros,74,88,.457,4.0,4.8,-0.8,-0.2,-1.0,68-94,6,16-17,31-47,21-15,6-9,44-37,30-51,3-7,24-23,57-67,17-21,40-45,34-43
2009,24,New York Mets,70,92,.432,4.1,4.7,-0.5,-0.1,-0.6,72-90,-2,28-44,23-17,14-21,5-10,41-40,29-52,4-7,19-24,54-65,16-27,39-63,31-29
2009,25,Arizona Diamondbacks,70,92,.432,4.4,4.8,-0.4,-0.1,-0.5,75-87,-5,15-19,20-21,30-42,5-10,36-45,34-47,10-5,20-27,53-62,17-30,35-61,35-31
2009,26,Kansas City Royals,65,97,.401,4.2,5.2,-1.0,0.2,-0.8,66-96,-1,14-25,32-40,11-22,8-10,33-48,32-49,6-3,16-25,45-61,20-36,31-60,34-37
2009,27,Cleveland Indians,65,97,.401,4.8,5.3,-0.6,0.2,-0.4,73-89,-8,19-21,30-42,11-21,5-13,35-46,30-51,4-8,19-21,48-74,17-23,33-59,32-38
2009,28,Baltimore Orioles,64,98,.395,4.6,5.4,-0.8,0.4,-0.4,69-93,-5,24-48,17-20,12-23,11-7,39-42,25-56,5-7,17-22,40-61,24-37,37-68,27-30
2009,29,Pittsburgh Pirates,62,99,.385,4.0,4.8,-0.8,-0.3,-1.1,67-94,-5,18-16,24-52,12-24,8-7,40-41,22-58,2-9,12-22,44-73,18-26,30-46,32-53
2009,30,Washington Nationals,59,103,.364,4.4,5.4,-1.0,-0.1,-1.1,66-96,-7,25-47,16-27,11-18,7-11,33-48,26-55,6-9,22-24,49-80,10-23,27-67,32-36
2010,1,Philadelphia Phillies,97,65,.599,4.8,4.0,0.8,0.0,0.8,95-67,2,44-28,21-19,22-10,10-8,54-30,43-35,11-6,29-17,69-45,28-20,40-28,57-37
2010,2,Tampa Bay Rays,96,66,.593,5.0,4.0,0.9,0.1,1.1,96-66,0,42-30,26-13,21-12,7-11,49-32,47-34,10-5,29-27,60-46,36-20,57-40,39-26
2010,3,New York Yankees,95,67,.586,5.3,4.3,1.0,0.1,1.1,97-65,-2,38-34,23-13,23-13,11-7,52-29,43-38,7-7,20-19,64-40,31-27,51-44,44-23
2010,4,Minnesota Twins,94,68,.580,4.8,4.1,0.7,0.0,0.7,92-70,2,15-21,47-25,24-12,8-10,53-28,41-40,9-5,31-23,62-44,32-24,50-42,44-26
2010,5,San Francisco Giants,92,70,.568,4.3,3.6,0.7,-0.1,0.6,94-68,-2,19-14,28-14,38-34,7-8,49-32,43-38,11-8,28-24,68-50,24-20,33-41,59-29
2010,6,Cincinnati Reds,91,71,.562,4.9,4.2,0.6,-0.3,0.3,92-70,-1,17-15,49-30,17-19,8-7,49-32,42-39,11-8,27-27,58-49,33-22,20-33,71-38
2010,7,Atlanta Braves,91,71,.562,4.6,3.9,0.7,-0.1,0.6,93-69,-2,38-34,25-16,19-15,9-6,56-25,35-46,8-7,23-22,63-44,28-27,29-33,62-38
2010,8,Texas Rangers,90,72,.556,4.9,4.2,0.6,-0.1,0.6,91-71,-1,19-25,25-18,32-25,14-4,51-30,39-42,11-6,30-23,62-49,28-23,39-42,51-30
2010,9,San Diego Padres,90,72,.556,4.1,3.6,0.5,-0.1,0.4,91-71,-1,16-18,27-14,38-34,9-6,45-36,45-36,7-7,28-22,59-52,31-20,32-36,58-36
2010,10,Boston Red Sox,89,73,.549,5.0,4.6,0.5,0.2,0.7,88-74,1,37-35,15-18,24-15,13-5,46-35,43-38,6-12,22-26,61-44,28-29,50-53,39-20
2010,11,Chicago White Sox,88,74,.543,4.6,4.3,0.3,0.0,0.3,86-76,2,17-18,32-40,24-13,15-3,45-36,43-38,6-10,28-21,68-54,20-20,38-47,50-27
2010,12,St. Louis Cardinals,86,76,.531,4.5,4.0,0.6,-0.3,0.3,91-71,-5,18-15,39-39,20-16,9-6,52-29,34-47,6-8,20-22,60-48,26-28,37-23,49-53
2010,13,Toronto Blue Jays,85,77,.525,4.7,4.5,0.2,0.3,0.4,84-78,1,39-33,22-19,17-14,7-11,45-33,40-44,5-6,24-28,72-54,13-23,56-55,29-22
2010,14,Colorado Rockies,83,79,.512,4.8,4.4,0.3,-0.1,0.3,86-76,-3,16-18,21-20,37-35,9-6,52-29,31-50,8-10,28-30,49-52,34-27,40-32,43-47
2010,15,Oakland Athletics,81,81,.500,4.1,3.9,0.2,0.1,0.3,85-77,-4,20-25,23-19,30-27,8-10,47-34,34-47,4-7,23-20,57-60,24-21,37-53,44-28
2010,16,Detroit Tigers,81,81,.500,4.6,4.6,0.0,0.0,0.0,82-80,-1,17-22,38-34,15-18,11-7,52-29,29-52,7-8,16-26,55-60,26-21,38-45,43-36
2010,17,Florida Marlins,80,82,.494,4.4,4.4,0.0,0.0,0.0,81-81,-1,37-35,20-20,16-19,7-8,41-40,39-42,5-8,23-28,46-67,34-15,31-52,49-30
2010,18,Los Angeles Angels of Anaheim,80,82,.494,4.2,4.3,-0.1,0.1,0.0,79-83,1,15-27,19-26,35-22,11-7,43-38,37-44,9-7,24-25,57-54,23-28,46-60,34-22
2010,19,Los Angeles Dodgers,80,82,.494,4.1,4.3,-0.2,0.0,-0.2,78-84,2,13-20,23-19,40-32,4-11,45-36,35-46,9-4,26-24,57-55,23-27,42-51,38-31
2010,20,New York Mets,79,83,.488,4.0,4.0,0.0,0.0,0.0,81-81,-2,31-41,21-19,14-18,13-5,47-34,32-49,7-9,25-30,57-66,22-17,37-42,42-41
2010,21,Milwaukee Brewers,77,85,.475,4.6,5.0,-0.3,-0.2,-0.6,76-86,1,16-18,37-40,15-21,9-6,40-41,37-44,8-5,26-23,52-60,25-25,28-46,49-39
2010,22,Houston Astros,76,86,.469,3.8,4.5,-0.7,-0.1,-0.9,68-94,8,15-19,45-33,13-22,3-12,42-39,34-47,7-6,21-18,49-68,27-18,30-47,46-39
2010,23,Chicago Cubs,75,87,.463,4.2,4.7,-0.5,-0.2,-0.7,73-89,2,17-14,34-45,16-18,8-10,35-46,40-41,4-6,22-32,49-59,26-28,32-43,43-44
2010,24,Cleveland Indians,69,93,.426,4.0,4.6,-0.7,0.1,-0.5,70-92,-1,17-24,34-38,13-18,5-13,38-43,31-50,6-6,23-21,51-65,18-28,45-68,24-25
2010,25,Washington Nationals,69,93,.426,4.0,4.6,-0.5,0.0,-0.5,72-90,-3,30-42,19-20,15-18,5-13,41-40,28-53,3-10,20-28,52-70,17-23,30-45,39-48
2010,26,Kansas City Royals,67,95,.414,4.2,5.2,-1.0,0.2,-0.9,65-97,2,17-18,29-43,13-24,8-10,38-43,29-52,10-8,27-30,55-71,12-24,44-69,23-26
2010,27,Baltimore Orioles,66,96,.407,3.8,4.8,-1.1,0.4,-0.7,63-99,3,24-48,17-20,18-17,7-11,37-44,29-52,13-4,29-21,48-63,18-33,47-76,19-20
2010,28,Arizona Diamondbacks,65,97,.401,4.4,5.2,-0.8,0.1,-0.7,69-93,-4,16-16,16-27,27-45,6-9,40-41,25-56,5-8,19-23,46-65,19-32,39-59,26-38
2010,29,Seattle Mariners,61,101,.377,3.2,4.3,-1.1,0.2,-0.9,59-103,2,17-26,18-26,17-40,9-9,35-46,26-55,3-11,21-28,47-65,14-36,40-72,21-29
2010,30,Pittsburgh Pirates,57,105,.352,3.6,5.3,-1.7,-0.1,-1.8,53-109,4,11-25,31-48,13-19,2-13,40-41,17-64,4-8,20-24,38-80,19-25,25-52,32-53
2011,1,Philadelphia Phillies,102,60,.630,4.4,3.3,1.1,-0.1,1.0,103-59,-1,43-29,27-16,23-9,9-6,52-29,50-31,9-10,28-19,72-46,30-14,37-25,65-35
2011,2,New York Yankees,97,65,.599,5.4,4.1,1.3,0.1,1.4,101-61,-4,39-33,22-14,23-13,13-5,52-29,45-36,4-12,21-24,62-48,35-17,44-38,53-27
2011,3,Texas Rangers,96,66,.593,5.3,4.2,1.1,0.1,1.2,98-64,-2,22-22,25-18,40-17,9-9,52-29,44-37,4-5,19-24,70-45,26-21,35-37,61-29
2011,4,Milwaukee Brewers,96,66,.593,4.5,3.9,0.5,-0.2,0.3,90-72,6,20-14,51-29,19-14,6-9,57-24,39-42,7-7,30-18,78-48,18-18,27-34,69-32
2011,5,Detroit Tigers,95,67,.586,4.9,4.4,0.5,-0.1,0.4,89-73,6,20-16,50-22,18-18,7-11,50-31,45-36,6-3,29-17,64-47,31-20,28-23,67-44
2011,6,Arizona Diamondbacks,94,68,.580,4.5,4.1,0.4,-0.2,0.2,88-74,6,18-14,23-17,43-29,10-8,51-30,43-38,9-4,28-16,70-44,24-24,32-32,62-36
2011,7,Tampa Bay Rays,91,71,.562,4.4,3.8,0.6,0.2,0.7,91-71,0,42-30,21-17,16-18,12-6,47-34,44-37,9-5,26-18,60-52,31-19,46-38,45-33
2011,8,St. Louis Cardinals,90,72,.556,4.7,4.3,0.4,-0.2,0.2,88-74,2,22-13,44-35,16-17,8-7,45-36,45-36,8-13,26-23,70-52,20-20,30-30,60-42
2011,9,Boston Red Sox,90,72,.556,5.4,4.5,0.9,0.2,1.0,94-68,-4,38-34,21-16,21-14,10-8,45-36,45-36,6-5,19-19,57-50,33-22,46-38,44-34
2011,10,Atlanta Braves,89,73,.549,4.0,3.7,0.2,-0.1,0.1,85-77,4,36-36,22-17,21-15,10-5,47-34,42-39,14-12,29-26,65-50,24-23,28-32,61-41
2011,11,Los Angeles Angels of Anaheim,86,76,.531,4.1,3.9,0.2,0.1,0.3,85-77,1,21-23,25-18,27-30,13-5,45-36,41-40,8-13,27-31,54-48,32-28,32-38,54-38
2011,12,San Francisco Giants,86,76,.531,3.5,3.6,0.0,-0.1,-0.2,80-82,6,13-20,20-22,43-29,10-5,46-35,40-41,13-8,33-22,60-58,26-18,32-34,54-42
2011,13,Los Angeles Dodgers,82,79,.509,4.0,3.8,0.2,-0.2,0.0,84-77,-2,15-17,22-20,39-33,6-9,42-39,40-40,8-3,23-21,58-59,24-20,33-38,49-41
2011,14,Toronto Blue Jays,81,81,.500,4.6,4.7,-0.1,0.3,0.2,79-83,2,33-39,18-15,22-17,8-10,42-39,39-42,13-4,29-28,58-62,23-19,38-51,43-30
2011,15,Washington Nationals,80,81,.497,3.9,4.0,-0.1,-0.1,-0.2,78-83,2,36-36,20-19,16-19,8-7,44-36,36-45,12-8,27-27,61-64,19-17,35-37,45-44
2011,16,Cleveland Indians,80,82,.494,4.3,4.7,-0.3,0.1,-0.3,75-87,5,19-18,36-36,14-21,11-7,44-37,36-45,6-8,30-26,57-56,23-26,26-47,54-35
2011,17,Cincinnati Reds,79,83,.488,4.5,4.4,0.1,-0.2,-0.1,83-79,-4,13-20,42-37,18-14,6-12,42-39,37-44,12-5,29-33,62-61,17-22,36-37,43-46
2011,18,Chicago White Sox,79,83,.488,4.0,4.4,-0.3,0.0,-0.3,75-87,4,17-20,32-40,19-16,11-7,36-45,43-38,7-11,24-25,55-61,24-22,28-41,51-42
2011,19,New York Mets,77,85,.475,4.4,4.6,-0.1,0.0,-0.1,79-83,-2,33-39,19-20,16-17,9-9,34-47,43-38,7-7,21-28,59-63,18-22,38-44,39-41
2011,20,Oakland Athletics,74,88,.457,4.0,4.2,-0.2,0.2,0.0,77-85,-3,20-23,20-24,26-31,8-10,43-38,31-50,8-11,20-25,49-59,25-29,43-51,31-37
2011,21,Colorado Rockies,73,89,.451,4.5,4.8,-0.2,-0.1,-0.3,77-85,-4,15-18,22-20,28-44,8-7,38-43,35-46,4-8,21-27,48-66,25-23,30-58,43-31
2011,22,Pittsburgh Pirates,72,90,.444,3.8,4.4,-0.6,-0.2,-0.8,70-92,2,12-22,39-41,13-20,8-7,36-45,36-45,6-7,21-22,49-68,23-22,28-44,44-46
2011,23,Florida Marlins,72,90,.444,3.9,4.3,-0.5,0.0,-0.4,72-90,0,32-40,20-20,12-20,8-10,31-47,41-43,9-13,27-32,49-67,23-23,28-54,44-36
2011,24,Kansas City Royals,71,91,.438,4.5,4.7,-0.2,0.0,-0.2,78-84,-7,16-21,32-40,18-17,5-13,40-41,31-50,10-8,25-32,55-65,16-26,30-43,41-48
2011,25,San Diego Padres,71,91,.438,3.7,3.8,-0.1,-0.1,-0.2,79-83,-8,19-19,19-18,27-45,6-9,35-46,36-45,4-12,20-31,52-61,19-30,31-54,40-37
2011,26,Chicago Cubs,71,91,.438,4.0,4.7,-0.6,-0.1,-0.7,70-92,1,15-18,34-46,17-17,5-10,39-42,32-49,9-5,25-28,51-67,20-24,30-43,41-48
2011,27,Baltimore Orioles,69,93,.426,4.4,5.3,-0.9,0.3,-0.6,67-95,2,28-44,22-20,12-18,7-11,39-42,30-51,8-8,22-22,49-66,20-27,38-65,31-28
2011,28,Seattle Mariners,67,95,.414,3.4,4.2,-0.7,0.3,-0.5,67-95,0,17-26,20-24,21-36,9-9,39-45,28-50,6-5,26-28,54-67,13-28,34-57,33-38
2011,29,Minnesota Twins,63,99,.389,3.8,5.0,-1.1,0.2,-1.0,62-100,1,10-29,30-42,15-18,8-10,33-48,30-51,6-4,27-32,42-73,21-26,25-56,38-43
2011,30,Houston Astros,56,106,.346,3.8,4.9,-1.1,-0.1,-1.2,62-100,-6,10-21,28-50,14-24,4-11,31-50,25-56,5-13,20-28,34-80,22-26,24-56,32-50
2012,1,Washington Nationals,98,64,.605,4.5,3.7,0.8,-0.2,0.7,96-66,2,42-30,29-13,17-13,10-8,50-31,48-33,13-7,27-21,69-45,29-19,48-40,50-24
2012,2,Cincinnati Reds,97,65,.599,4.1,3.6,0.5,-0.3,0.2,91-71,6,19-15,49-30,22-12,7-8,50-31,47-34,7-7,31-21,65-47,32-18,40-36,57-29
2012,3,New York Yankees,95,67,.586,5.0,4.1,0.8,0.2,1.1,95-67,0,41-31,21-16,20-15,13-5,51-30,44-37,6-3,22-25,58-43,37-24,47-44,48-23
2012,4,San Francisco Giants,94,68,.580,4.4,4.0,0.4,-0.2,0.2,88-74,6,15-19,27-14,45-27,7-8,48-33,46-35,8-5,30-20,54-49,40-19,44-42,50-26
2012,5,Oakland Athletics,94,68,.580,4.4,3.8,0.6,0.2,0.8,92-70,2,28-18,23-18,33-24,10-8,50-31,44-37,11-5,25-18,64-39,30-29,47-44,47-24
2012,6,Atlanta Braves,94,68,.580,4.3,3.7,0.6,-0.1,0.5,92-70,2,46-26,19-19,21-13,8-10,48-33,46-35,7-4,25-13,64-37,30-31,45-41,49-27
2012,7,Baltimore Orioles,93,69,.574,4.4,4.4,0.0,0.3,0.3,82-80,11,43-29,23-15,16-18,11-7,47-34,46-35,16-2,29-9,67-51,26-18,44-43,49-26
2012,8,Texas Rangers,93,69,.574,5.0,4.4,0.6,0.1,0.8,91-71,2,24-16,28-19,27-30,14-4,50-31,43-38,8-5,24-22,65-50,28-19,43-43,50-26
2012,9,Tampa Bay Rays,90,72,.556,4.3,3.6,0.7,0.2,0.9,95-67,-5,41-31,16-18,24-14,9-9,46-35,44-37,5-7,21-27,63-49,27-23,45-42,45-30
2012,10,Los Angeles Angels of Anaheim,89,73,.549,4.7,4.3,0.4,0.2,0.7,88-74,1,22-20,25-20,30-27,12-6,46-35,43-38,3-4,18-18,62-51,27-22,49-47,40-26
2012,11,Detroit Tigers,88,74,.543,4.5,4.1,0.3,0.0,0.4,87-75,1,21-18,43-29,13-20,11-7,50-31,38-43,4-5,21-27,62-49,26-25,40-34,48-40
2012,12,St. Louis Cardinals,88,74,.543,4.7,4.0,0.7,-0.3,0.4,93-69,-5,14-20,45-32,21-15,8-7,50-31,38-43,6-12,21-26,57-57,31-17,39-40,49-34
2012,13,Los Angeles Dodgers,86,76,.531,3.9,3.7,0.2,-0.1,0.1,86-76,0,20-12,25-18,35-37,6-9,45-36,41-40,8-7,29-27,50-50,36-26,41-50,45-26
2012,14,Chicago White Sox,85,77,.525,4.6,4.2,0.4,0.0,0.4,88-74,-3,19-21,37-35,20-12,9-9,45-36,40-41,5-9,26-21,62-53,23-24,33-39,52-38
2012,15,Milwaukee Brewers,83,79,.512,4.8,4.5,0.3,-0.3,0.0,85-77,-2,15-19,45-34,17-17,6-9,49-32,34-47,7-11,24-32,57-58,26-21,32-41,51-38
2012,16,Arizona Diamondbacks,81,81,.500,4.5,4.2,0.3,-0.2,0.1,86-76,-5,14-20,20-21,38-34,9-6,41-40,40-41,3-4,15-27,49-50,32-31,38-45,43-36
2012,17,Philadelphia Phillies,81,81,.500,4.2,4.2,0.0,-0.1,-0.1,81-81,0,33-39,24-16,19-16,5-10,40-41,41-40,7-10,25-27,58-51,23-30,39-43,42-38
2012,18,Pittsburgh Pirates,79,83,.488,4.0,4.2,-0.1,-0.2,-0.4,78-84,1,17-14,39-42,13-19,10-8,45-36,34-47,4-2,28-29,57-64,22-19,41-55,38-28
2012,19,San Diego Padres,76,86,.469,4.0,4.4,-0.4,-0.1,-0.5,75-87,1,12-20,22-21,34-38,8-7,42-39,34-47,4-6,26-21,52-55,24-31,44-61,32-25
2012,20,Seattle Mariners,75,87,.463,3.8,4.0,-0.2,0.3,0.1,77-85,-2,18-28,25-16,24-33,8-10,40-41,35-46,5-10,25-28,50-55,25-32,42-67,33-20
2012,21,New York Mets,74,88,.457,4.0,4.4,-0.4,0.0,-0.4,75-87,-1,32-40,17-22,17-19,8-7,36-45,38-43,3-7,20-22,53-50,21-38,46-62,28-26
2012,22,Toronto Blue Jays,73,89,.451,4.4,4.8,-0.4,0.3,-0.1,74-88,-1,29-43,21-16,14-21,9-9,41-40,32-49,7-6,15-25,52-62,21-27,40-68,33-21
2012,23,Kansas City Royals,72,90,.444,4.2,4.6,-0.4,0.1,-0.3,74-88,-2,16-21,34-38,14-21,8-10,37-44,35-46,8-7,27-26,48-62,24-28,47-50,25-40
2012,24,Miami Marlins,69,93,.426,3.8,4.5,-0.7,0.0,-0.7,68-94,1,27-45,18-20,19-15,5-13,38-43,31-50,12-5,26-26,45-64,24-29,41-61,28-32
2012,25,Boston Red Sox,69,93,.426,4.5,5.0,-0.4,0.3,-0.2,74-88,-5,26-46,24-16,8-24,11-7,34-47,35-46,2-10,17-22,43-68,26-25,37-67,32-26
2012,26,Cleveland Indians,68,94,.420,4.1,5.2,-1.1,0.2,-0.9,64-98,4,14-22,31-41,15-21,8-10,37-44,31-50,5-8,24-12,50-59,18-35,42-53,26-41
2012,27,Minnesota Twins,66,96,.407,4.3,5.1,-0.8,0.1,-0.7,68-94,-2,11-23,35-37,11-27,9-9,31-50,35-46,8-5,26-28,44-67,22-29,33-63,33-33
2012,28,Colorado Rockies,64,98,.395,4.7,5.5,-0.8,-0.1,-0.9,69-93,-5,15-22,19-19,28-44,2-13,35-46,29-52,5-2,18-23,49-63,15-35,37-71,27-27
2012,29,Chicago Cubs,61,101,.377,3.8,4.7,-0.9,-0.1,-1.0,65-97,-4,13-19,31-50,12-22,5-10,38-43,23-58,4-6,15-27,43-75,18-26,32-69,29-32
2012,30,Houston Astros,55,107,.340,3.6,4.9,-1.3,-0.1,-1.4,59-103,-4,12-20,29-50,8-28,6-9,35-46,20-61,1-11,17-27,40-80,15-27,29-68,26-39
2013,1,Boston Red Sox,97,65,.599,5.3,4.0,1.2,0.1,1.3,100-62,-3,44-32,19-15,20-12,14-6,53-28,44-37,10-6,21-21,65-43,32-22,53-43,44-22
2013,2,St. Louis Cardinals,97,65,.599,4.8,3.7,1.2,-0.1,1.0,101-61,-4,23-10,46-30,18-15,10-10,54-27,43-38,6-6,20-16,78-42,19-23,39-36,58-29
2013,3,Atlanta Braves,96,66,.593,4.2,3.4,0.9,-0.3,0.6,98-64,-2,47-29,19-14,19-14,11-9,56-25,40-41,12-5,27-20,71-50,25-16,39-24,57-42
2013,4,Oakland Athletics,96,66,.593,4.7,3.9,0.9,0.0,0.8,96-66,0,17-15,22-12,44-32,13-7,52-29,44-37,7-6,30-20,64-44,32-22,40-34,56-32
2013,5,Pittsburgh Pirates,94,68,.580,3.9,3.6,0.4,0.0,0.3,88-74,6,20-14,45-31,14-18,15-5,50-31,44-37,9-9,29-23,76-55,18-13,40-34,54-34
2013,6,Detroit Tigers,93,69,.574,4.9,3.9,1.1,0.0,1.0,99-63,-6,17-15,47-29,17-17,12-8,51-30,42-39,6-13,20-26,66-46,27-23,48-40,45-29
2013,7,Los Angeles Dodgers,92,70,.568,4.0,3.6,0.4,-0.2,0.2,89-73,3,22-11,21-12,37-39,12-8,47-34,45-36,10-5,25-21,66-43,26-27,34-31,58-39
2013,8,Cleveland Indians,92,70,.568,4.6,4.1,0.5,0.0,0.5,90-72,2,12-21,44-32,25-8,11-9,51-30,41-40,10-2,30-17,56-50,36-20,36-52,56-18
2013,9,Tampa Bay Rays,92,71,.564,4.3,4.0,0.3,0.1,0.5,87-76,5,43-33,19-14,18-16,12-8,51-30,41-41,9-7,26-21,62-48,30-23,48-49,44-22
2013,10,Texas Rangers,91,72,.558,4.5,3.9,0.6,0.0,0.6,92-71,-1,15-20,13-19,53-23,10-10,46-36,45-36,3-9,27-20,59-53,32-19,38-41,53-31
2013,11,Cincinnati Reds,90,72,.556,4.3,3.6,0.7,-0.1,0.6,93-69,-3,20-13,40-36,19-14,11-9,49-31,41-41,13-9,27-22,63-47,27-25,35-42,55-30
2013,12,Washington Nationals,86,76,.531,4.0,3.9,0.2,-0.2,0.0,84-78,2,43-33,15-19,17-15,11-9,47-34,39-42,7-8,28-24,60-56,26-20,24-41,62-35
2013,13,Kansas City Royals,86,76,.531,4.0,3.7,0.3,0.1,0.4,87-75,-1,19-15,44-32,14-18,9-11,44-37,42-39,11-4,31-25,62-52,24-24,44-45,42-31
2013,14,Baltimore Orioles,85,77,.525,4.6,4.4,0.2,0.2,0.4,85-77,0,36-40,17-16,21-12,11-9,46-35,39-42,8-7,20-31,58-51,27-26,51-50,34-27
2013,15,New York Yankees,85,77,.525,4.0,4.1,-0.1,0.2,0.1,79-83,6,37-39,22-11,17-16,9-11,46-35,39-42,6-6,30-16,53-54,32-23,45-52,40-25
2013,16,Arizona Diamondbacks,81,81,.500,4.2,4.3,-0.1,-0.1,-0.2,80-82,1,14-18,20-14,36-40,11-9,45-36,36-45,17-8,34-21,56-58,25-23,34-34,47-47
2013,17,Los Angeles Angels of Anaheim,78,84,.481,4.5,4.5,0.0,0.1,0.0,81-81,-3,18-16,18-14,32-44,10-10,39-42,39-42,8-8,24-28,60-58,18-26,42-55,36-29
2013,18,San Diego Padres,76,86,.469,3.8,4.3,-0.5,-0.1,-0.6,72-90,4,16-17,17-16,35-41,8-12,45-36,31-50,8-7,28-24,49-59,27-27,40-43,36-43
2013,19,San Francisco Giants,76,86,.469,3.9,4.3,-0.4,-0.1,-0.5,74-88,2,15-17,11-23,44-32,6-14,42-40,34-46,8-10,28-28,52-55,24-31,41-46,35-40
2013,20,New York Mets,74,88,.457,3.8,4.2,-0.4,-0.2,-0.6,74-88,0,34-42,12-21,17-16,11-9,33-48,41-40,8-12,29-28,49-62,25-26,33-51,41-37
2013,21,Milwaukee Brewers,74,88,.457,4.0,4.2,-0.3,0.0,-0.3,76-86,-2,21-12,34-42,13-20,6-14,37-44,37-44,6-7,18-25,58-60,16-28,34-56,40-32
2013,22,Colorado Rockies,74,88,.457,4.4,4.7,-0.3,-0.1,-0.5,76-86,-2,13-22,18-13,38-38,5-15,45-36,29-52,6-9,25-26,54-55,20-33,36-48,38-40
2013,23,Toronto Blue Jays,74,88,.457,4.4,4.7,-0.3,0.2,0.0,77-85,-3,30-46,16-16,17-17,11-9,40-41,34-47,8-9,20-29,55-64,19-24,51-68,23-20
2013,24,Philadelphia Phillies,73,89,.451,3.8,4.6,-0.9,-0.1,-0.9,66-96,7,37-39,12-21,17-16,7-13,43-38,30-51,6-7,28-28,52-68,21-21,33-53,40-36
2013,25,Seattle Mariners,71,91,.438,3.9,4.7,-0.8,0.1,-0.7,67-95,4,14-18,13-21,36-40,8-12,36-45,35-46,6-15,19-29,49-62,22-29,40-55,31-36
2013,26,Minnesota Twins,66,96,.407,3.8,4.9,-1.1,0.2,-0.9,63-99,3,10-23,29-47,19-14,8-12,32-49,34-47,9-7,24-25,50-75,16-21,33-71,33-25
2013,27,Chicago Cubs,66,96,.407,3.7,4.3,-0.5,0.0,-0.5,71-91,-5,14-18,25-51,14-20,13-7,31-50,35-46,7-6,20-33,44-74,22-22,30-60,36-36
2013,28,Chicago White Sox,63,99,.389,3.7,4.5,-0.8,0.1,-0.6,67-95,-4,14-19,26-50,15-18,8-12,37-44,26-55,8-15,24-36,50-74,13-25,36-66,27-33
2013,29,Miami Marlins,62,100,.383,3.2,4.0,-0.8,-0.1,-0.9,64-98,-2,29-47,9-23,15-19,9-11,36-45,26-55,7-13,24-35,40-71,22-29,26-57,36-43
2013,30,Houston Astros,51,111,.315,3.8,5.2,-1.5,0.2,-1.2,57-105,-6,9-24,9-24,25-51,8-12,24-57,27-54,4-8,18-36,38-78,13-33,18-76,33-35
2014,1,Los Angeles Angels of Anaheim,98,64,.605,4.8,3.9,0.9,0.1,1.0,96-66,2,19-14,24-9,43-33,12-8,52-29,46-35,10-7,27-22,70-44,28-20,41-43,57-21
2014,2,Washington Nationals,96,66,.593,4.2,3.4,0.8,-0.2,0.7,97-65,-1,45-31,17-16,24-9,10-10,51-30,45-36,8-9,26-22,68-49,28-17,23-23,73-43
2014,3,Baltimore Orioles,96,66,.593,4.4,3.7,0.7,0.1,0.8,94-68,2,47-29,16-17,21-12,12-8,50-31,46-35,14-6,32-23,74-47,22-19,51-40,45-26
2014,4,Los Angeles Dodgers,94,68,.580,4.4,3.8,0.6,-0.2,0.4,92-70,2,18-14,15-19,50-26,11-9,45-36,49-32,6-12,25-20,68-52,26-16,26-33,68-35
2014,5,St. Louis Cardinals,90,72,.556,3.8,3.7,0.1,-0.2,-0.1,83-79,7,17-16,45-31,20-13,8-12,51-30,39-42,7-6,32-23,69-54,21-18,39-33,51-39
2014,6,Detroit Tigers,90,72,.556,4.7,4.4,0.3,0.0,0.4,86-76,4,17-15,43-33,18-16,12-8,45-36,45-36,6-6,23-20,62-50,28-22,49-39,41-33
2014,7,Kansas City Royals,89,73,.549,4.0,3.9,0.2,0.1,0.2,84-78,5,17-17,39-37,18-14,15-5,42-39,47-34,5-7,22-25,65-52,24-21,44-45,45-28
2014,8,San Francisco Giants,88,74,.543,4.1,3.8,0.3,-0.2,0.1,87-75,1,22-12,16-16,40-36,10-10,45-36,43-38,9-4,18-22,58-44,30-30,27-31,61-43
2014,9,Pittsburgh Pirates,88,74,.543,4.2,3.9,0.3,-0.2,0.1,87-75,1,21-13,36-40,20-12,11-9,51-30,37-44,8-7,31-29,68-61,20-13,33-39,55-35
2014,10,Oakland Athletics,88,74,.543,4.5,3.5,1.0,0.1,1.1,99-63,-11,20-12,17-17,38-38,13-7,48-33,40-41,13-8,21-28,64-49,24-25,44-40,44-34
2014,11,Seattle Mariners,87,75,.537,3.9,3.4,0.5,0.2,0.7,91-71,-4,18-15,19-14,41-35,9-11,41-40,46-35,4-7,18-27,55-52,32-23,45-35,42-40
2014,12,Cleveland Indians,85,77,.525,4.1,4.0,0.1,0.1,0.1,83-79,2,19-14,39-37,17-16,10-10,48-33,37-44,13-8,25-21,60-52,25-25,36-47,49-30
2014,13,New York Yankees,84,78,.519,3.9,4.1,-0.2,0.1,0.0,77-85,7,37-39,19-16,15-16,13-7,43-38,41-40,7-7,28-24,60-58,24-20,41-45,43-33
2014,14,Toronto Blue Jays,83,79,.512,4.5,4.2,0.2,0.1,0.3,85-77,-2,39-37,16-16,15-19,13-7,46-35,37-44,5-8,15-20,63-60,20-19,41-47,42-32
2014,15,Milwaukee Brewers,82,80,.506,4.0,4.1,0.0,-0.2,-0.2,80-82,2,15-19,36-40,20-12,11-9,42-39,40-41,7-6,23-19,60-62,22-18,33-33,49-47
2014,16,New York Mets,79,83,.488,3.9,3.8,0.1,-0.1,0.0,82-80,-3,38-38,16-18,14-18,11-9,40-41,39-42,7-8,26-29,62-67,17-16,24-43,55-40
2014,17,Atlanta Braves,79,83,.488,3.5,3.7,-0.1,-0.1,-0.2,78-84,1,40-36,20-13,12-21,7-13,42-39,37-44,7-10,25-28,60-68,19-15,28-34,51-49
2014,18,San Diego Padres,77,85,.475,3.3,3.6,-0.3,-0.2,-0.4,75-87,2,17-17,18-14,33-43,9-11,48-33,29-52,10-5,33-21,58-64,19-21,35-42,42-43
2014,19,Miami Marlins,77,85,.475,4.0,4.2,-0.2,-0.1,-0.3,78-84,-1,33-43,14-18,17-17,13-7,42-39,35-46,9-12,35-29,57-69,20-16,25-35,52-50
2014,20,Tampa Bay Rays,77,85,.475,3.8,3.9,-0.1,0.1,0.1,79-83,-2,36-40,14-18,17-17,10-10,36-45,41-40,8-10,25-23,57-61,20-24,47-59,30-26
2014,21,Cincinnati Reds,76,86,.469,3.7,3.8,-0.1,-0.1,-0.3,79-83,-3,14-18,40-36,16-18,6-14,44-37,32-49,4-9,22-38,59-69,17-17,45-45,31-41
2014,22,Chicago White Sox,73,89,.451,4.1,4.7,-0.6,0.1,-0.5,71-91,2,16-18,33-43,13-19,11-9,40-41,33-48,6-8,28-24,51-66,22-23,45-59,28-30
2014,23,Philadelphia Phillies,73,89,.451,3.8,4.2,-0.4,0.0,-0.4,73-89,0,34-42,15-18,17-16,7-13,37-44,36-45,10-11,28-27,50-67,23-22,28-40,45-49
2014,24,Chicago Cubs,73,89,.451,3.8,4.4,-0.6,-0.1,-0.7,71-91,2,16-16,33-43,15-19,9-11,41-40,32-49,8-10,19-21,57-71,16-18,37-50,36-39
2014,25,Boston Red Sox,71,91,.438,3.9,4.4,-0.5,0.2,-0.3,72-90,-1,31-45,17-16,14-19,9-11,34-47,37-44,10-11,28-28,49-64,22-27,38-68,33-23
2014,26,Houston Astros,70,92,.432,3.9,4.5,-0.6,0.3,-0.3,71-91,-1,16-18,14-18,35-41,5-15,38-43,32-49,6-5,17-28,49-66,21-26,43-58,27-34
2014,27,Minnesota Twins,70,92,.432,4.4,4.8,-0.4,0.1,-0.3,75-87,-5,14-18,36-40,11-23,9-11,35-46,35-46,6-7,21-24,46-60,24-32,44-64,26-28
2014,28,Texas Rangers,67,95,.414,3.9,4.8,-0.8,0.3,-0.5,67-95,0,10-23,14-19,33-43,10-10,33-48,34-47,2-5,25-22,45-66,22-29,37-63,30-32
2014,29,Colorado Rockies,66,96,.407,4.7,5.0,-0.4,-0.2,-0.6,75-87,-9,13-20,10-23,36-40,7-13,45-36,21-60,7-7,20-24,43-73,23-23,22-51,44-45
2014,30,Arizona Diamondbacks,64,98,.395,3.8,4.6,-0.8,-0.1,-0.9,67-95,-3,11-21,15-19,31-45,7-13,33-48,31-50,10-6,23-30,49-73,15-25,21-54,43-44
2015,1,St. Louis Cardinals,100,62,.617,4.0,3.2,0.8,-0.3,0.5,96-66,4,20-12,46-30,23-11,11-9,55-26,45-36,8-8,32-23,75-44,25-18,46-31,54-31
2015,2,Pittsburgh Pirates,98,64,.605,4.3,3.7,0.6,-0.3,0.3,93-69,5,24-9,34-42,27-6,13-7,53-28,45-36,12-9,36-17,78-48,20-16,42-32,56-32
2015,3,Chicago Cubs,97,65,.599,4.3,3.8,0.5,-0.3,0.2,90-72,7,22-12,46-30,19-13,10-10,49-32,48-33,13-5,34-21,77-51,20-14,44-32,53-33
2015,4,Kansas City Royals,95,67,.586,4.5,4.0,0.5,0.2,0.7,90-72,5,18-16,44-32,20-12,13-7,51-30,44-37,10-6,23-17,64-40,31-27,47-43,48-24
2015,5,Toronto Blue Jays,93,69,.574,5.5,4.1,1.4,0.2,1.6,102-60,-9,42-34,20-14,19-13,12-8,53-28,40-41,8-6,15-28,73-54,20-15,53-33,40-36
2015,6,Los Angeles Dodgers,92,70,.568,4.1,3.7,0.4,-0.3,0.1,89-73,3,19-13,17-17,46-30,10-10,55-26,37-44,6-9,23-26,67-51,25-19,28-37,64-33
2015,7,New York Mets,90,72,.556,4.2,3.8,0.4,-0.4,0.0,89-73,1,47-29,13-20,21-12,9-11,49-32,41-40,9-6,25-24,70-56,20-16,28-38,62-34
2015,8,Texas Rangers,88,74,.543,4.6,4.5,0.1,0.2,0.4,83-79,5,23-11,18-14,36-40,11-9,43-38,45-36,5-4,27-22,53-43,35-31,48-36,40-38
2015,9,New York Yankees,87,75,.537,4.7,4.3,0.4,0.3,0.8,88-74,-1,38-38,21-12,17-16,11-9,45-36,42-39,4-9,23-24,60-52,27-23,40-47,47-28
2015,10,Houston Astros,86,76,.531,4.5,3.8,0.7,0.2,0.9,93-69,-7,18-16,14-18,38-38,16-4,53-28,33-48,8-6,21-29,56-45,30-31,42-43,44-33
2015,11,Los Angeles Angels of Anaheim,85,77,.525,4.1,4.2,-0.1,0.3,0.2,79-83,6,16-16,17-17,44-32,8-12,49-32,36-45,5-7,35-17,60-55,25-22,38-48,47-29
2015,12,San Francisco Giants,84,78,.519,4.3,3.9,0.4,-0.3,0.1,89-73,-5,18-15,15-18,38-38,13-7,47-34,37-44,6-5,19-28,62-56,22-22,29-33,55-45
2015,13,Minnesota Twins,83,79,.512,4.3,4.3,0.0,0.2,0.2,81-81,2,19-14,40-36,16-17,8-12,46-35,37-44,6-8,21-20,55-53,28-26,42-46,41-33
2015,14,Washington Nationals,83,79,.512,4.3,3.9,0.4,-0.4,0.0,89-73,-6,44-32,14-19,17-16,8-12,46-35,37-44,9-2,22-22,60-63,23-16,28-37,55-42
2015,15,Cleveland Indians,81,80,.503,4.2,4.0,0.2,0.2,0.4,84-77,-3,18-15,32-43,19-14,12-8,39-41,42-39,5-4,15-18,57-49,24-31,41-46,40-34
2015,16,Baltimore Orioles,81,81,.500,4.4,4.3,0.1,0.4,0.5,83-79,-2,39-37,15-18,15-18,12-8,47-31,34-50,6-5,25-26,59-58,22-23,37-51,44-30
2015,17,Tampa Bay Rays,80,82,.494,4.0,4.0,0.0,0.4,0.4,81-81,-1,36-40,13-19,17-17,14-6,42-42,38-40,2-13,26-30,50-59,30-23,46-58,34-24
2015,18,Arizona Diamondbacks,79,83,.488,4.4,4.4,0.0,-0.3,-0.2,82-80,-3,15-18,14-19,39-37,11-9,39-42,40-41,9-9,20-24,60-61,19-22,32-53,47-30
2015,19,Boston Red Sox,78,84,.481,4.6,4.6,0.0,0.4,0.3,81-81,-3,35-41,15-18,15-18,13-7,43-38,35-46,7-7,20-19,57-59,21-25,44-59,34-25
2015,20,Chicago White Sox,76,86,.469,3.8,4.3,-0.5,0.3,-0.2,72-90,4,14-19,32-44,21-12,9-11,40-41,36-45,13-5,29-30,58-68,18-18,49-61,27-25
2015,21,Seattle Mariners,76,86,.469,4.0,4.5,-0.4,0.3,-0.1,74-88,2,15-17,14-20,39-37,8-12,36-45,40-41,10-13,28-29,54-54,22-32,44-58,32-28
2015,22,Detroit Tigers,74,87,.460,4.3,5.0,-0.7,0.3,-0.4,69-92,5,12-20,41-34,12-22,9-11,38-43,36-44,9-8,26-22,53-70,21-17,51-59,23-28
2015,23,San Diego Padres,74,88,.457,4.0,4.5,-0.5,-0.2,-0.7,72-90,2,17-16,15-18,35-41,7-13,39-42,35-46,7-5,22-21,55-67,19-21,33-50,41-38
2015,24,Miami Marlins,71,91,.438,3.8,4.2,-0.4,-0.3,-0.7,74-88,-3,35-41,13-19,16-18,7-13,41-40,30-51,6-3,23-21,57-72,14-19,33-47,38-44
2015,25,Milwaukee Brewers,68,94,.420,4.0,4.5,-0.5,-0.2,-0.7,72-90,-4,17-16,31-45,12-21,8-12,34-47,34-47,4-5,16-16,49-74,19-20,36-61,32-33
2015,26,Oakland Athletics,68,94,.420,4.3,4.5,-0.2,0.3,0.1,77-85,-9,10-23,14-19,33-43,11-9,34-47,34-47,7-10,19-35,53-62,15-32,45-62,23-32
2015,27,Colorado Rockies,68,94,.420,4.5,5.2,-0.7,-0.2,-0.9,71-91,-3,16-18,15-17,32-44,5-15,36-45,32-49,3-5,20-24,57-62,11-32,29-53,39-41
2015,28,Atlanta Braves,67,95,.414,3.5,4.7,-1.2,-0.2,-1.4,61-101,6,34-42,15-18,12-21,6-14,42-39,25-56,4-9,28-18,54-72,13-23,29-53,38-42
2015,29,Cincinnati Reds,64,98,.395,4.0,4.7,-0.7,-0.1,-0.8,69-93,-5,16-17,33-43,8-25,7-13,34-47,30-51,5-12,18-29,49-71,15-27,35-62,29-36
2015,30,Philadelphia Phillies,63,99,.389,3.9,5.0,-1.1,-0.2,-1.4,62-100,1,30-46,11-23,14-18,8-12,37-44,26-55,6-9,16-27,45-79,18-20,29-54,34-45
2016,1,Chicago Cubs,103,58,.640,5.0,3.4,1.6,-0.2,1.3,107-54,-4,19-14,50-25,19-14,15-5,57-24,46-34,9-4,22-23,75-41,28-17,31-25,72-33
2016,2,Washington Nationals,95,67,.586,4.7,3.8,0.9,-0.3,0.6,97-65,-2,51-25,17-16,15-18,12-8,50-31,45-36,5-8,26-19,75-53,20-14,31-29,64-38
2016,3,Texas Rangers,95,67,.586,4.7,4.7,0.0,0.1,0.2,82-80,13,16-17,19-14,47-29,13-7,53-28,42-39,6-6,36-11,73-48,22-19,60-31,35-36
2016,4,Cleveland Indians,94,67,.584,4.8,4.2,0.6,0.0,0.6,91-70,3,14-18,49-26,18-16,13-7,53-28,41-39,6-6,28-21,63-47,31-20,48-43,46-24
2016,5,Boston Red Sox,93,69,.574,5.4,4.3,1.1,0.1,1.3,98-64,-5,43-33,15-18,21-12,14-6,47-34,46-35,7-4,20-24,73-52,20-17,55-48,38-21
2016,6,Los Angeles Dodgers,91,71,.562,4.5,3.9,0.5,-0.2,0.4,90-72,1,19-13,19-15,43-33,10-10,53-28,38-43,6-8,22-20,69-47,22-24,31-26,60-45
2016,7,Baltimore Orioles,89,73,.549,4.6,4.4,0.2,0.3,0.4,84-78,5,40-36,23-9,12-22,14-6,50-31,39-42,6-2,21-16,66-50,23-23,53-54,36-19
2016,8,Toronto Blue Jays,89,73,.549,4.7,4.1,0.6,0.2,0.8,91-71,-2,40-36,18-15,18-15,13-7,46-35,43-38,4-9,21-25,65-53,24-20,58-45,31-28
2016,9,San Francisco Giants,87,75,.537,4.4,3.9,0.5,-0.2,0.3,90-72,-3,17-16,17-16,45-31,8-12,45-36,42-39,11-7,28-27,57-53,30-22,27-33,60-42
2016,10,New York Mets,87,75,.537,4.1,3.8,0.3,-0.3,0.1,87-75,0,40-36,22-10,13-21,12-8,44-37,43-38,8-5,25-22,68-57,19-18,30-30,57-45
2016,11,Detroit Tigers,86,75,.534,4.7,4.5,0.2,0.0,0.2,83-78,3,19-15,38-37,16-16,13-7,45-35,41-40,5-4,26-17,61-53,25-22,37-52,49-23
2016,12,Seattle Mariners,86,76,.531,4.7,4.4,0.4,0.1,0.5,87-75,-1,19-13,16-18,38-38,13-7,44-37,42-39,9-8,30-30,62-42,24-34,44-47,42-29
2016,13,St. Louis Cardinals,86,76,.531,4.8,4.4,0.4,-0.1,0.3,88-74,-2,17-16,42-34,19-14,8-12,38-43,48-33,4-3,24-23,66-52,20-24,24-35,62-41
2016,14,Houston Astros,84,78,.519,4.5,4.3,0.1,0.1,0.3,83-79,1,15-18,17-16,41-35,11-9,43-38,41-40,10-8,28-25,57-52,27-26,39-53,45-25
2016,15,New York Yankees,84,78,.519,4.2,4.3,-0.1,0.3,0.1,79-83,5,35-41,21-12,20-13,8-12,48-33,36-45,4-3,24-12,59-52,25-26,52-54,32-24
2016,16,Kansas City Royals,81,81,.500,4.2,4.4,-0.2,0.1,-0.2,77-85,4,15-17,46-30,10-24,10-10,47-34,34-47,7-3,23-25,60-59,21-22,40-55,41-26
2016,17,Miami Marlins,79,82,.491,4.1,4.2,-0.2,-0.2,-0.4,78-83,1,32-43,21-13,20-12,6-14,40-40,39-42,4-7,22-24,57-70,22-12,32-43,47-39
2016,18,Pittsburgh Pirates,78,83,.484,4.5,4.7,-0.2,-0.1,-0.2,78-83,0,14-19,33-42,22-11,9-11,38-42,40-41,8-5,20-21,58-74,20-9,32-45,46-38
2016,19,Chicago White Sox,78,84,.481,4.2,4.4,-0.2,0.1,-0.1,78-84,0,19-14,32-44,18-15,9-11,45-36,33-48,8-7,23-29,58-66,20-18,51-61,27-23
2016,20,Colorado Rockies,75,87,.463,5.2,5.3,-0.1,-0.1,-0.2,80-82,-5,20-14,11-21,35-41,9-11,42-39,33-48,3-6,12-20,56-58,19-29,40-40,35-47
2016,21,Los Angeles Angels,74,88,.457,4.4,4.5,-0.1,0.2,0.1,80-82,-6,13-21,17-15,35-41,9-11,40-41,34-47,0-4,17-20,53-66,21-22,46-68,28-20
2016,22,Milwaukee Brewers,73,89,.451,4.1,4.5,-0.4,-0.1,-0.5,74-88,-1,16-17,31-45,15-18,11-9,41-40,32-49,4-9,23-28,43-70,30-19,27-46,46-43
2016,23,Philadelphia Phillies,71,91,.438,3.8,4.9,-1.1,-0.1,-1.3,62-100,9,30-46,12-21,18-15,11-9,37-44,34-47,7-6,28-23,54-74,17-17,27-49,44-42
2016,24,Arizona Diamondbacks,69,93,.426,4.6,5.5,-0.9,0.0,-0.9,69-93,0,18-15,13-20,33-43,5-15,33-48,36-45,8-8,22-17,46-71,23-22,30-52,39-41
2016,25,Oakland Athletics,69,93,.426,4.0,4.7,-0.7,0.2,-0.5,70-92,-1,16-17,17-16,29-47,7-13,34-47,35-46,6-5,25-28,53-67,16-26,49-64,20-29
2016,26,Atlanta Braves,68,93,.422,4.0,4.8,-0.8,-0.1,-0.9,67-94,1,36-39,13-20,11-22,8-12,31-50,37-43,11-11,21-22,52-62,16-31,27-49,41-44
2016,27,San Diego Padres,68,94,.420,4.2,4.8,-0.5,-0.1,-0.6,72-90,-4,14-19,14-19,34-42,6-14,39-42,29-52,6-6,19-31,47-72,21-22,32-50,36-44
2016,28,Tampa Bay Rays,68,94,.420,4.1,4.4,-0.3,0.3,0.0,77-85,-9,32-44,11-23,15-17,10-10,36-45,32-49,4-3,13-27,50-68,18-26,47-74,21-20
2016,29,Cincinnati Reds,68,94,.420,4.4,5.3,-0.9,0.0,-0.8,68-94,0,14-19,33-43,16-17,5-15,38-43,30-51,3-10,22-27,54-74,14-20,24-54,44-40
2016,30,Minnesota Twins,59,103,.364,4.5,5.5,-1.0,0.1,-0.9,66-96,-7,10-24,24-52,17-15,8-12,30-51,29-52,6-10,15-29,38-78,21-25,35-75,24-28
2017,1,Los Angeles Dodgers,104,58,.642,4.8,3.6,1.2,-0.2,0.9,102-60,2,24-10,23-9,41-35,16-4,57-24,47-34,8-4,25-19,71-43,33-15,36-33,68-25
2017,2,Cleveland Indians,102,60,.630,5.0,3.5,1.6,-0.1,1.5,108-54,-6,22-12,50-26,24-8,6-14,49-32,53-28,4-2,20-15,66-36,36-24,27-22,75-38
2017,3,Houston Astros,101,61,.623,5.5,4.3,1.2,0.0,1.2,99-63,2,21-13,15-17,50-26,15-5,48-33,53-28,4-4,19-13,80-37,21-24,18-15,83-46
2017,4,Washington Nationals,97,65,.599,5.1,4.1,0.9,-0.3,0.6,96-66,1,47-29,19-15,21-11,10-10,47-34,50-31,7-4,30-21,75-50,22-15,23-19,74-46
2017,5,Boston Red Sox,93,69,.574,4.8,4.1,0.7,0.1,0.8,93-69,0,41-35,20-14,16-16,16-4,48-33,45-36,15-3,22-19,75-50,18-19,27-23,66-46
2017,6,Arizona Diamondbacks,93,69,.574,5.0,4.1,0.9,-0.2,0.8,96-66,-3,19-14,17-16,45-31,12-8,52-29,41-40,9-3,29-23,68-52,25-17,39-35,54-34
2017,7,Chicago Cubs,92,70,.568,5.1,4.3,0.8,-0.2,0.6,93-69,-1,21-13,46-30,13-19,12-8,48-33,44-37,7-3,26-17,71-56,21-14,35-35,57-35
2017,8,New York Yankees,91,71,.562,5.3,4.1,1.2,0.1,1.3,100-62,-9,44-32,18-15,14-19,15-5,51-30,40-41,5-6,18-26,67-48,24-23,26-22,65-49
2017,9,Colorado Rockies,87,75,.537,5.1,4.7,0.4,-0.1,0.3,87-75,0,17-16,18-15,42-34,10-10,46-35,41-40,2-3,21-14,59-55,28-20,37-35,50-40
2017,10,Milwaukee Brewers,86,76,.531,4.5,4.3,0.2,-0.1,0.1,85-77,1,18-14,40-36,17-17,11-9,46-38,40-38,5-11,25-22,69-59,17-17,37-38,49-38
2017,11,Minnesota Twins,85,77,.525,5.0,4.9,0.2,0.1,0.2,83-79,2,15-18,41-35,16-17,13-7,41-40,44-37,3-3,15-18,59-54,26-23,20-31,65-46
2017,12,St. Louis Cardinals,83,79,.512,4.7,4.4,0.3,-0.1,0.2,87-75,-4,22-10,34-42,19-15,8-12,44-37,39-42,5-9,24-29,64-63,19-16,27-44,56-35
2017,13,Los Angeles Angels,80,82,.494,4.4,4.4,0.0,0.1,0.1,81-81,-1,19-13,11-23,39-37,11-9,43-38,37-44,8-7,27-22,56-58,24-24,21-31,59-51
2017,14,Kansas City Royals,80,82,.494,4.3,4.9,-0.5,0.2,-0.4,72-90,8,17-15,35-41,19-15,9-11,43-38,37-44,4-7,25-16,62-59,18-23,29-42,51-40
2017,15,Tampa Bay Rays,80,82,.494,4.3,4.3,-0.1,0.2,0.1,80-82,0,35-41,18-15,16-17,11-9,42-39,38-43,8-6,21-24,61-53,19-29,31-37,49-45
2017,16,Texas Rangers,78,84,.481,4.9,5.0,-0.1,0.1,0.0,79-83,-1,12-20,18-16,34-42,14-6,41-40,37-44,5-5,13-24,56-66,22-18,18-30,60-54
2017,17,Seattle Mariners,78,84,.481,4.6,4.8,-0.1,0.1,0.0,79-83,-1,13-19,18-16,35-41,12-8,40-41,38-43,7-5,26-15,56-61,22-23,20-32,58-52
2017,18,Miami Marlins,77,85,.475,4.8,5.1,-0.3,-0.2,-0.5,77-85,0,34-42,15-19,19-13,9-11,42-36,35-49,6-5,18-22,64-64,13-21,22-40,55-45
2017,19,Toronto Blue Jays,76,86,.469,4.3,4.8,-0.6,0.3,-0.3,72-90,4,33-43,13-18,21-14,9-11,42-39,34-47,5-14,26-27,58-62,18-24,27-41,49-45
2017,20,Pittsburgh Pirates,75,87,.463,4.1,4.5,-0.4,-0.1,-0.4,74-88,1,21-13,33-43,11-21,10-10,44-37,31-50,8-9,20-24,58-63,17-24,40-50,35-37
2017,21,Baltimore Orioles,75,87,.463,4.6,5.2,-0.6,0.3,-0.3,72-90,3,37-39,13-21,17-15,8-12,46-35,29-52,12-4,21-20,49-63,26-24,25-46,50-41
2017,22,Oakland Athletics,75,87,.463,4.6,5.1,-0.5,0.2,-0.4,73-89,2,16-19,20-11,32-44,7-13,46-35,29-52,4-9,21-21,56-61,19-26,24-25,51-62
2017,23,Atlanta Braves,72,90,.444,4.5,5.1,-0.5,-0.2,-0.7,73-89,-1,33-43,11-21,19-15,9-11,37-44,35-46,6-8,19-24,57-75,15-15,25-37,47-53
2017,24,San Diego Padres,71,91,.438,3.7,5.0,-1.3,0.0,-1.3,59-103,12,14-19,16-17,33-43,8-12,43-38,28-53,4-7,19-19,52-64,19-27,35-56,36-35
2017,25,New York Mets,70,92,.432,4.5,5.3,-0.8,-0.1,-0.9,69-93,1,37-39,14-19,12-21,7-13,37-44,33-48,3-8,21-24,55-69,15-23,17-49,53-43
2017,26,Cincinnati Reds,68,94,.420,4.6,5.4,-0.7,0.0,-0.7,70-92,-2,13-20,37-39,13-20,5-15,39-42,29-52,3-7,13-22,59-65,9-29,34-60,34-34
2017,27,Chicago White Sox,67,95,.414,4.4,5.1,-0.7,0.2,-0.5,70-92,-3,13-20,33-43,15-18,6-14,39-42,28-53,5-5,21-23,47-69,20-26,23-49,44-46
2017,28,Philadelphia Phillies,66,96,.407,4.3,4.8,-0.6,-0.1,-0.7,72-90,-6,39-37,11-21,11-23,5-15,39-42,27-54,7-10,21-36,42-75,24-21,23-43,43-53
2017,29,San Francisco Giants,64,98,.395,3.9,4.8,-0.8,0.0,-0.9,67-95,-3,9-23,18-16,29-47,8-12,38-43,26-55,12-7,23-24,46-68,18-30,36-54,28-44
2017,30,Detroit Tigers,64,98,.395,4.5,5.5,-1.0,0.2,-0.8,67-95,-3,16-17,31-45,9-24,8-12,34-47,30-51,1-4,17-23,43-76,21-22,28-40,36-58
2018,1,Boston Red Sox,108,54,.667,5.4,4.0,1.4,-0.2,1.2,103-59,5,52-24,19-14,21-12,16-4,57-24,51-30,8-5,25-14,87-38,21-16,41-33,67-21
2018,2,Houston Astros,103,59,.636,4.9,3.3,1.6,-0.1,1.5,109-53,-6,19-15,25-7,46-30,13-7,46-35,57-24,5-6,24-24,66-36,37-23,41-38,62-21
2018,3,New York Yankees,100,62,.617,5.3,4.1,1.1,-0.2,0.9,99-63,1,44-32,23-11,22-10,11-9,53-28,47-34,9-5,23-17,70-47,30-15,41-30,59-32
2018,4,Oakland Athletics,97,65,.599,5.0,4.2,0.9,0.0,0.8,95-67,2,21-11,26-8,38-38,12-8,50-31,47-34,13-6,31-14,65-40,32-25,33-40,64-25
2018,5,Milwaukee Brewers,96,67,.589,4.6,4.0,0.6,0.0,0.6,91-72,5,20-13,40-37,23-10,13-7,51-30,45-37,9-7,33-19,72-48,24-19,49-46,47-21
2018,6,Chicago Cubs,95,68,.583,4.7,4.0,0.7,0.0,0.7,94-69,1,22-11,41-36,19-14,13-7,51-31,44-37,11-8,26-25,73-55,22-13,49-46,46-22
2018,7,Los Angeles Dodgers,92,71,.564,4.9,3.7,1.2,0.1,1.2,102-61,-10,19-13,16-18,45-32,12-8,45-37,47-34,8-7,22-22,52-46,40-25,51-38,41-33
2018,8,Cleveland Indians,91,71,.562,5.0,4.0,1.0,-0.4,0.6,98-64,-7,16-18,49-27,14-18,12-8,49-32,42-39,4-9,22-24,69-50,22-21,23-31,68-40
2018,9,Colorado Rockies,91,72,.558,4.8,4.6,0.2,0.2,0.4,85-78,6,23-11,14-18,41-36,13-7,47-34,44-38,5-6,26-15,58-45,33-27,48-44,43-28
2018,10,Atlanta Braves,90,72,.556,4.7,4.1,0.6,0.0,0.6,92-70,-2,49-27,18-14,15-19,8-12,43-38,47-34,6-8,23-12,69-46,21-26,38-40,52-32
2018,11,Tampa Bay Rays,90,72,.556,4.4,4.0,0.4,-0.1,0.3,89-73,1,41-35,21-11,21-13,7-13,51-30,39-42,5-7,28-31,63-52,27-20,34-39,56-33
2018,12,Seattle Mariners,89,73,.549,4.2,4.4,-0.2,0.1,-0.1,77-85,12,19-15,23-9,41-35,6-14,45-36,44-37,14-1,36-21,59-49,30-24,39-38,50-35
2018,13,St. Louis Cardinals,88,74,.543,4.7,4.3,0.4,0.0,0.4,88-74,0,16-16,41-35,20-14,11-9,43-38,45-36,8-8,22-22,61-52,27-22,50-43,38-31
2018,14,Pittsburgh Pirates,82,79,.509,4.3,4.3,0.0,0.1,0.1,80-81,2,12-20,43-33,12-21,15-5,44-36,38-43,7-5,29-22,61-52,21-27,39-53,43-26
2018,15,Washington Nationals,82,80,.506,4.8,4.2,0.5,0.0,0.5,90-72,-8,41-35,18-16,14-18,9-11,41-40,41-40,4-10,18-24,64-52,18-28,33-44,49-36
2018,16,Arizona Diamondbacks,82,80,.506,4.3,4.0,0.3,0.2,0.5,86-76,-4,17-17,16-16,39-37,10-10,40-41,42-39,5-9,20-31,54-50,28-30,42-48,40-32
2018,17,Philadelphia Phillies,80,82,.494,4.2,4.5,-0.3,0.1,-0.3,76-86,4,34-42,19-14,15-18,12-8,49-32,31-50,8-6,23-18,59-66,21-16,44-50,36-32
2018,18,Los Angeles Angels,80,82,.494,4.5,4.5,0.0,0.1,0.1,81-81,-1,11-21,22-12,37-39,10-10,42-39,38-43,5-7,26-15,58-53,22-29,35-61,45-21
2018,19,Minnesota Twins,78,84,.481,4.6,4.8,-0.2,-0.3,-0.5,77-85,1,18-16,42-34,10-22,8-12,49-32,29-52,5-8,15-21,57-59,21-25,29-47,49-37
2018,20,New York Mets,77,85,.475,4.2,4.4,-0.2,0.1,-0.1,78-84,-1,40-36,13-20,16-17,8-12,37-44,40-41,9-9,16-26,59-61,18-24,40-57,37-28
2018,21,San Francisco Giants,73,89,.451,3.7,4.3,-0.6,0.3,-0.3,70-92,3,16-17,11-22,38-38,8-12,42-39,31-50,11-10,26-30,43-54,30-35,47-63,26-26
2018,22,Toronto Blue Jays,73,89,.451,4.4,5.1,-0.8,0.0,-0.7,69-93,4,30-46,18-15,12-21,13-7,40-41,33-48,10-6,23-17,58-51,15-38,31-60,42-29
2018,23,Cincinnati Reds,67,95,.414,4.3,5.1,-0.8,0.2,-0.6,69-93,-2,13-21,26-50,18-14,10-10,37-44,30-51,7-12,10-29,45-69,22-26,44-71,23-24
2018,24,Texas Rangers,67,95,.414,4.5,5.2,-0.7,0.1,-0.6,71-91,-4,12-21,18-15,28-48,9-11,34-47,33-48,7-7,12-19,45-60,22-35,33-61,34-34
2018,25,San Diego Padres,66,96,.407,3.8,4.7,-0.9,0.3,-0.7,65-97,1,15-17,16-18,28-48,7-13,31-50,35-46,5-11,22-21,47-59,19-37,42-66,24-30
2018,26,Detroit Tigers,64,98,.395,3.9,4.9,-1.0,-0.2,-1.2,64-98,0,15-17,33-43,10-24,6-14,38-43,26-55,5-5,22-30,45-74,19-24,21-53,43-45
2018,27,Miami Marlins,63,98,.391,3.7,5.0,-1.4,0.2,-1.2,58-103,5,26-50,13-19,15-18,9-11,38-43,25-55,9-6,19-21,51-72,12-26,34-62,29-36
2018,28,Chicago White Sox,62,100,.383,4.0,5.2,-1.2,-0.2,-1.4,62-100,0,16-16,30-46,10-24,6-14,30-51,32-49,5-5,15-25,47-75,15-25,24-51,38-49
2018,29,Kansas City Royals,58,104,.358,3.9,5.1,-1.2,-0.2,-1.4,62-100,-4,9-24,36-40,7-26,6-14,32-49,26-55,5-8,19-30,39-74,19-30,18-56,40-48
2018,30,Baltimore Orioles,47,115,.290,3.8,5.5,-1.7,0.1,-1.5,55-107,-8,23-53,10-23,7-26,7-13,28-53,19-62,4-9,12-29,26-82,21-33,26-67,21-48
2019,1,Houston Astros,107,55,.660,5.7,4.0,1.7,-0.3,1.4,107-55,0,19-13,21-13,56-20,11-9,60-21,47-34,10-4,24-19,69-44,38-11,35-28,72-27
2019,2,Los Angeles Dodgers,106,56,.654,5.5,3.8,1.7,0.0,1.7,107-55,-1,23-10,22-11,51-25,10-10,59-22,47-34,6-4,27-22,76-34,30-22,45-32,61-24
2019,3,New York Yankees,103,59,.636,5.8,4.6,1.3,-0.3,1.0,99-63,4,54-22,18-15,19-14,12-8,57-24,46-35,7-4,18-19,70-41,33-18,43-32,60-27
2019,4,Minnesota Twins,101,61,.623,5.8,4.7,1.1,-0.5,0.7,97-65,4,20-12,50-26,23-11,8-12,46-35,55-26,5-7,23-12,79-44,22-17,32-37,69-24
2019,5,Atlanta Braves,97,65,.599,5.3,4.6,0.7,0.1,0.8,91-71,6,46-30,20-13,18-15,13-7,50-31,47-34,11-6,28-16,74-51,23-14,52-43,45-22
2019,6,Oakland Athletics,97,65,.599,5.2,4.2,1.0,-0.2,0.8,97-65,0,17-16,25-8,44-32,11-9,52-29,45-36,6-9,27-22,62-51,35-14,35-27,62-38
2019,7,Tampa Bay Rays,96,66,.593,4.7,4.0,0.7,-0.2,0.5,93-69,3,44-32,20-13,18-15,14-6,48-33,48-33,11-8,23-16,64-41,32-25,38-35,58-31
2019,8,Washington Nationals,93,69,.574,5.4,4.5,0.9,0.0,1.0,95-67,-2,44-32,17-15,18-16,14-6,50-31,43-38,4-6,17-21,69-52,24-17,48-48,45-21
2019,9,Cleveland Indians,93,69,.574,4.7,4.1,0.7,-0.4,0.2,93-69,0,18-16,48-28,19-13,8-12,49-32,44-37,6-7,15-16,60-47,33-22,25-39,68-30
2019,10,St. Louis Cardinals,91,71,.562,4.7,4.1,0.6,0.2,0.8,92-70,-1,18-15,46-30,18-15,9-11,50-31,41-40,8-4,25-22,73-55,18-16,42-42,49-29
2019,11,Milwaukee Brewers,89,73,.549,4.7,4.7,0.0,0.3,0.3,81-81,8,21-11,45-31,15-19,8-12,49-32,40-41,7-8,27-18,64-49,25-24,48-40,41-33
2019,12,New York Mets,86,76,.531,4.9,4.5,0.3,0.2,0.5,86-76,0,40-36,14-19,17-16,15-5,48-33,38-43,7-9,24-23,68-53,18-23,47-55,39-21
2019,13,Arizona Diamondbacks,85,77,.525,5.0,4.6,0.4,0.2,0.6,88-74,-3,17-17,16-16,38-38,14-6,44-37,41-40,9-9,24-26,60-58,25-19,35-40,50-37
2019,14,Boston Red Sox,84,78,.519,5.6,5.1,0.5,-0.2,0.2,87-75,-3,35-41,21-11,18-16,10-10,38-43,46-35,9-8,23-22,60-48,24-30,28-45,56-33
2019,15,Chicago Cubs,84,78,.519,5.0,4.4,0.6,0.2,0.8,90-72,-6,17-17,37-39,18-14,12-8,51-30,33-48,4-9,19-27,70-60,14-18,39-45,45-33
2019,16,Philadelphia Phillies,81,81,.500,4.8,4.9,-0.1,0.2,0.1,79-83,2,36-40,20-13,14-19,11-9,45-36,36-45,7-6,20-20,63-56,18-25,48-52,33-29
2019,17,Texas Rangers,78,84,.481,5.0,5.4,-0.4,0.0,-0.5,75-87,3,18-14,18-16,33-43,9-11,45-36,33-48,7-6,25-21,52-52,26-32,31-53,47-31
2019,18,San Francisco Giants,77,85,.475,4.2,4.8,-0.6,0.3,-0.3,71-91,6,14-19,14-19,38-38,11-9,35-46,42-39,13-3,38-16,57-56,20-29,42-55,35-30
2019,19,Cincinnati Reds,75,87,.463,4.3,4.4,-0.1,0.2,0.2,80-82,-5,17-17,33-43,16-16,9-11,41-40,34-47,7-8,24-33,58-64,17-23,46-60,29-27
2019,20,Chicago White Sox,72,89,.447,4.4,5.2,-0.8,-0.3,-1.0,69-92,3,15-18,38-37,13-20,6-14,39-41,33-48,4-4,14-18,44-62,28-27,35-53,37-36
2019,21,Los Angeles Angels,72,90,.444,4.7,5.4,-0.6,0.0,-0.6,72-90,0,17-18,13-18,30-46,12-8,38-43,34-47,3-7,18-22,49-60,23-30,29-55,43-35
2019,22,Colorado Rockies,71,91,.438,5.2,5.9,-0.8,0.3,-0.4,71-91,0,16-17,15-18,32-44,8-12,43-38,28-53,10-6,22-21,46-55,25-36,38-60,33-31
2019,23,San Diego Padres,70,92,.432,4.2,4.9,-0.7,0.3,-0.4,70-92,0,14-18,14-20,31-45,11-9,36-45,34-47,5-7,26-24,56-70,14-22,40-53,30-39
2019,24,Pittsburgh Pirates,69,93,.426,4.7,5.6,-0.9,0.3,-0.7,68-94,1,11-21,29-47,17-17,12-8,35-46,34-47,7-11,19-25,53-66,16-27,30-72,39-21
2019,25,Seattle Mariners,68,94,.420,4.7,5.5,-0.8,0.0,-0.9,69-93,-1,14-19,18-15,27-49,9-11,35-46,33-48,9-4,23-26,52-58,16-36,22-59,46-35
2019,26,Toronto Blue Jays,67,95,.414,4.5,5.1,-0.6,-0.1,-0.7,71-91,-4,33-43,17-18,14-17,3-17,35-46,32-49,7-8,18-23,43-65,24-30,35-58,32-37
2019,27,Kansas City Royals,59,103,.364,4.3,5.4,-1.1,-0.2,-1.3,64-98,-5,10-23,31-45,9-24,9-11,31-50,28-53,4-9,15-25,43-76,16-27,28-60,31-43
2019,28,Miami Marlins,57,105,.352,3.8,5.0,-1.2,0.3,-0.9,61-101,-4,24-52,10-24,14-18,9-11,30-51,27-54,7-9,16-28,39-81,18-24,38-83,19-22
2019,29,Baltimore Orioles,54,108,.333,4.5,6.1,-1.6,0.0,-1.5,60-102,-6,24-52,12-20,11-23,7-13,25-56,29-52,2-8,11-22,33-67,21-41,26-67,28-41
2019,30,Detroit Tigers,47,114,.292,3.6,5.7,-2.1,-0.2,-2.2,49-112,-2,14-19,22-53,6-27,5-15,22-59,25-55,6-10,14-22,34-90,13-24,19-65,28-49
2020,1,Los Angeles Dodgers,43,17,.717,5.8,3.6,2.3,-0.1,2.2,43-17,0,0-0,0-0,27-13,16-4,21-9,22-8,5-1,7-5,30-12,13-5,8-5,35-12
2020,2,Tampa Bay Rays,40,20,.667,4.8,3.8,1.0,-0.1,0.9,36-24,4,27-13,0-0,0-0,13-7,20-9,20-11,4-3,14-5,31-12,9-8,21-9,19-11
2020,3,San Diego Padres,37,23,.617,5.4,4.0,1.4,0.0,1.4,38-22,-1,0-0,0-0,24-16,13-7,21-11,16-12,4-0,8-8,27-13,10-10,6-7,31-16
2020,4,Minnesota Twins,36,24,.600,4.5,3.6,0.9,0.0,0.9,36-24,0,0-0,23-17,0-0,13-7,24-7,12-17,3-1,9-5,27-17,9-7,18-12,18-12
2020,5,Oakland Athletics,36,24,.600,4.6,3.9,0.7,-0.4,0.3,35-25,1,0-0,0-0,26-14,10-10,22-10,14-14,6-1,7-6,25-21,11-3,2-4,34-20
2020,6,Atlanta Braves,35,25,.583,5.8,4.8,1.0,-0.2,0.8,35-25,0,24-16,0-0,0-0,11-9,19-11,16-14,2-3,11-6,27-21,8-4,12-9,23-16
2020,7,Cleveland Indians,35,25,.583,4.1,3.5,0.7,0.0,0.6,35-25,0,0-0,23-17,0-0,12-8,18-12,17-13,4-2,8-6,27-20,8-5,16-15,19-10
2020,8,Chicago White Sox,35,25,.583,5.1,4.1,1.0,0.0,1.0,36-24,-1,0-0,25-15,0-0,10-10,18-12,17-13,1-2,5-8,21-25,14-0,12-20,23-5
2020,9,Chicago Cubs,34,26,.567,4.4,4.0,0.4,-0.2,0.3,33-27,1,0-0,22-18,0-0,12-8,19-14,15-12,3-1,10-9,27-22,7-4,19-14,15-12
2020,10,New York Yankees,33,27,.550,5.3,4.5,0.8,-0.1,0.7,34-26,-1,23-17,0-0,0-0,10-10,22-9,11-18,5-2,6-7,26-19,7-8,10-17,23-10
2020,11,Toronto Blue Jays,32,28,.533,5.0,5.2,-0.2,0.0,-0.1,29-31,3,22-18,0-0,0-0,10-10,17-9,15-19,5-6,13-10,20-20,12-8,12-15,20-13
2020,12,St. Louis Cardinals,30,28,.517,4.1,3.9,0.2,-0.2,0.0,30-28,0,0-0,22-18,0-0,8-10,14-13,16-15,1-3,7-6,26-21,4-7,15-15,15-13
2020,13,Miami Marlins,31,29,.517,4.4,5.1,-0.7,0.1,-0.6,26-34,5,21-19,0-0,0-0,10-10,11-15,20-14,3-2,11-8,24-17,7-12,9-14,22-15
2020,14,Cincinnati Reds,31,29,.517,4.1,4.1,0.0,-0.2,-0.2,30-30,1,0-0,21-19,0-0,10-10,16-13,15-16,2-0,7-8,24-23,7-6,13-17,18-12
2020,15,Houston Astros,29,31,.483,4.7,4.6,0.1,-0.3,-0.2,30-30,-1,0-0,0-0,19-21,10-10,20-8,9-23,2-7,10-14,17-21,12-10,4-13,25-18
2020,16,San Francisco Giants,29,31,.483,5.0,5.0,0.0,0.3,0.3,30-30,-1,0-0,0-0,18-22,11-9,19-14,10-17,2-3,8-8,15-21,14-10,7-19,22-12
2020,17,Milwaukee Brewers,29,31,.483,4.1,4.4,-0.3,-0.1,-0.4,28-32,1,0-0,19-21,0-0,10-10,15-14,14-17,3-2,11-5,18-24,11-7,19-24,10-7
2020,18,Philadelphia Phillies,28,32,.467,5.1,5.2,-0.1,0.0,-0.1,30-30,-2,21-19,0-0,0-0,7-13,19-13,9-19,3-2,8-10,15-23,13-9,13-20,15-12
2020,19,Seattle Mariners,27,33,.450,4.2,5.1,-0.8,-0.1,-0.9,25-35,2,0-0,0-0,20-20,7-13,14-10,13-23,2-3,7-8,19-21,8-12,8-12,19-21
2020,20,New York Mets,26,34,.433,4.8,5.1,-0.4,0.0,-0.3,28-32,-2,17-23,0-0,0-0,9-11,12-17,14-17,1-4,6-11,18-20,8-14,14-18,12-16
2020,21,Los Angeles Angels,26,34,.433,4.9,5.4,-0.5,-0.1,-0.6,28-32,-2,0-0,0-0,19-21,7-13,16-15,10-19,3-5,9-9,17-24,9-10,7-13,19-21
2020,22,Kansas City Royals,26,34,.433,4.1,4.5,-0.4,0.2,-0.2,27-33,-1,0-0,17-23,0-0,9-11,15-15,11-19,1-2,8-9,22-27,4-7,17-27,9-7
2020,23,Colorado Rockies,26,34,.433,4.6,5.9,-1.3,0.4,-0.9,23-37,3,0-0,0-0,17-23,9-11,12-18,14-16,1-2,9-8,16-24,10-10,9-15,17-19
2020,24,Washington Nationals,26,34,.433,4.9,5.0,-0.1,0.0,-0.2,29-31,-3,17-23,0-0,0-0,9-11,15-18,11-16,4-1,7-9,15-28,11-6,14-17,12-17
2020,25,Baltimore Orioles,25,35,.417,4.6,4.9,-0.3,0.1,-0.3,28-32,-3,14-26,0-0,0-0,11-9,13-20,12-15,4-4,7-12,18-29,7-6,11-26,14-9
2020,26,Arizona Diamondbacks,25,35,.417,4.5,4.9,-0.4,0.3,-0.1,27-33,-2,0-0,0-0,14-26,11-9,16-14,9-21,0-3,9-9,20-24,5-11,9-15,16-20
2020,27,Boston Red Sox,24,36,.400,4.9,5.9,-1.0,0.2,-0.8,25-35,-1,14-26,0-0,0-0,10-10,11-20,13-16,0-4,4-9,17-19,7-17,13-26,11-10
2020,28,Detroit Tigers,23,35,.397,4.3,5.5,-1.2,0.3,-0.9,23-35,0,0-0,12-28,0-0,11-7,12-15,11-20,1-2,7-9,16-31,7-4,14-27,9-8
2020,29,Texas Rangers,22,38,.367,3.7,5.2,-1.5,-0.1,-1.6,21-39,1,0-0,0-0,16-24,6-14,16-14,6-24,2-2,7-6,15-23,7-15,4-13,18-25
2020,30,Pittsburgh Pirates,19,41,.317,3.7,5.0,-1.3,0.1,-1.2,22-38,-3,0-0,16-24,0-0,3-17,13-19,6-22,1-5,8-15,17-31,2-10,14-30,5-11
2021,1,San Francisco Giants,107,55,.660,5.0,3.7,1.3,-0.1,1.2,103-59,4,21-11,20-14,53-23,13-7,54-27,53-28,10-9,31-17,80-35,27-20,35-28,72-27
2021,2,Los Angeles Dodgers,106,56,.654,5.1,3.5,1.7,-0.1,1.6,109-53,-3,24-9,20-13,50-26,12-8,58-23,48-33,6-13,24-24,73-42,33-14,35-27,71-29
2021,3,Tampa Bay Rays,100,62,.617,5.3,4.0,1.3,0.0,1.3,101-61,-1,51-25,19-13,15-19,15-5,52-29,48-33,7-12,20-25,62-35,38-27,48-42,52-20
2021,4,Milwaukee Brewers,95,67,.586,4.6,3.8,0.7,-0.3,0.4,93-69,2,17-14,47-29,23-12,8-12,45-36,50-31,10-9,21-15,75-48,20-19,32-36,63-31
2021,5,Houston Astros,95,67,.586,5.3,4.1,1.3,-0.1,1.2,101-61,-6,18-13,19-16,49-27,9-11,51-30,44-37,9-8,21-19,61-39,34-28,45-32,50-35
2021,6,Chicago White Sox,93,69,.574,4.9,3.9,1.0,-0.2,0.8,97-65,-4,19-14,44-32,16-17,14-6,53-28,40-41,6-7,18-24,68-52,25-17,27-29,66-40
2021,7,Boston Red Sox,92,70,.568,5.1,4.6,0.5,0.1,0.6,88-74,4,41-35,20-13,15-18,16-4,49-32,43-38,11-5,26-18,57-39,35-31,46-48,46-22
2021,8,New York Yankees,92,70,.568,4.4,4.1,0.3,0.1,0.4,86-76,6,36-40,22-10,22-12,12-8,46-35,46-35,10-8,28-20,60-46,32-24,48-43,44-27
2021,9,Toronto Blue Jays,91,71,.562,5.2,4.1,1.1,0.0,1.2,99-63,-8,42-34,19-15,16-16,14-6,47-33,44-38,3-9,15-15,68-51,23-20,48-44,43-27
2021,10,St. Louis Cardinals,90,72,.556,4.4,4.1,0.2,-0.2,0.0,85-77,5,17-16,42-34,20-13,11-9,45-36,45-36,7-2,26-19,66-59,24-13,32-36,58-36
2021,11,Seattle Mariners,90,72,.556,4.3,4.6,-0.3,0.1,-0.2,76-86,14,19-15,15-17,47-29,9-11,46-35,44-37,14-7,33-19,54-44,36-28,44-34,46-38
2021,12,Atlanta Braves,88,73,.547,4.9,4.1,0.8,-0.1,0.7,94-67,-6,45-31,22-12,15-16,6-14,42-38,46-35,5-9,26-31,65-55,23-18,31-37,57-36
2021,13,Oakland Athletics,86,76,.531,4.6,4.2,0.3,0.1,0.4,87-75,-1,15-18,23-10,37-39,11-9,43-38,43-38,8-3,23-27,49-50,37-26,30-51,56-25
2021,14,Cincinnati Reds,83,79,.512,4.9,4.7,0.2,-0.2,0.0,83-79,0,20-13,43-33,11-22,9-11,44-37,39-42,9-8,24-20,62-59,21-20,31-37,52-42
2021,15,Philadelphia Phillies,82,80,.506,4.5,4.6,-0.1,0.0,-0.1,80-82,2,41-35,20-14,13-19,8-12,47-34,35-46,11-6,30-25,59-51,23-29,30-38,52-42
2021,16,Cleveland Indians,80,82,.494,4.4,4.5,-0.1,-0.1,-0.1,80-82,0,13-21,43-33,15-17,9-11,40-41,40-41,7-9,17-22,51-52,29-30,28-51,52-31
2021,17,San Diego Padres,79,83,.488,4.5,4.4,0.1,0.1,0.2,83-79,-4,15-18,16-17,34-42,14-6,45-36,34-47,8-8,21-26,55-63,24-20,39-44,40-39
2021,18,Detroit Tigers,77,85,.475,4.3,4.7,-0.4,-0.1,-0.4,75-87,2,18-14,30-46,18-16,11-9,42-39,35-46,12-8,23-23,48-60,29-25,39-36,38-49
2021,19,New York Mets,77,85,.475,3.9,4.1,-0.2,0.0,-0.2,77-85,0,39-37,13-20,16-17,9-11,47-34,30-51,11-7,31-35,59-52,18-33,33-53,44-32
2021,20,Los Angeles Angels,77,85,.475,4.5,5.0,-0.5,0.2,-0.3,73-89,4,16-17,21-12,29-47,11-9,40-42,37-43,3-5,25-14,47-60,30-25,39-62,38-23
2021,21,Colorado Rockies,74,87,.460,4.6,4.9,-0.4,0.1,-0.2,75-86,-1,19-13,14-19,31-45,10-10,48-33,26-54,8-7,24-25,47-69,27-18,31-52,43-35
2021,22,Kansas City Royals,74,88,.457,4.2,4.9,-0.6,0.0,-0.6,71-91,3,12-21,36-40,14-19,12-8,39-42,35-46,4-5,21-19,48-64,26-24,35-44,39-44
2021,23,Minnesota Twins,73,89,.451,4.5,5.1,-0.6,0.0,-0.6,71-91,2,13-20,37-39,13-20,10-10,38-43,35-46,11-12,25-19,53-53,20-36,29-49,44-40
2021,24,Chicago Cubs,71,91,.438,4.4,5.2,-0.8,-0.1,-0.9,68-94,3,13-21,35-41,17-15,6-14,39-42,32-49,6-7,24-27,50-67,21-24,31-60,40-31
2021,25,Miami Marlins,67,95,.414,3.8,4.3,-0.5,0.0,-0.5,72-90,-5,35-41,12-20,17-17,3-17,42-39,25-56,9-8,21-29,49-64,18-31,31-56,36-39
2021,26,Washington Nationals,65,97,.401,4.5,5.1,-0.6,0.0,-0.6,72-90,-7,30-46,14-18,11-23,10-10,35-46,30-51,2-11,22-26,47-63,18-34,27-58,38-39
2021,27,Pittsburgh Pirates,61,101,.377,3.8,5.1,-1.4,0.0,-1.4,58-104,3,17-17,23-53,11-21,10-10,37-44,24-57,5-3,20-22,47-65,14-36,29-59,32-42
2021,28,Texas Rangers,60,102,.370,3.9,5.0,-1.2,0.2,-1.0,62-100,-2,14-20,11-21,28-48,7-13,36-45,24-57,9-9,18-21,33-68,27-34,34-63,26-39
2021,29,Baltimore Orioles,52,110,.321,4.1,5.9,-1.8,0.3,-1.5,54-108,-2,20-56,10-24,15-17,7-13,27-54,25-56,4-7,13-24,30-67,22-43,30-78,22-32
2021,30,Arizona Diamondbacks,52,110,.321,4.2,5.5,-1.3,0.2,-1.1,61-101,-9,13-21,13-19,22-54,4-16,32-49,20-61,6-10,10-31,40-75,12-35,22-63,30-47
2022,1,Los Angeles Dodgers,111,51,.685,5.2,3.2,2.1,-0.2,1.8,116-46,-5,19-14,23-10,54-22,15-5,57-24,54-27,6-9,16-15,79-35,32-16,50-27,61-24
2022,2,Houston Astros,106,56,.654,4.5,3.2,1.4,-0.1,1.3,106-56,0,17-15,26-8,51-25,12-8,55-26,51-30,5-6,28-16,64-44,42-12,42-27,64-29
2022,3,Atlanta Braves,101,61,.623,4.9,3.8,1.1,-0.1,1.0,100-62,1,48-28,21-12,19-14,13-7,55-26,46-35,6-7,26-18,64-44,37-17,40-37,61-24
2022,4,New York Mets,101,61,.623,4.8,3.7,1.0,-0.1,1.0,99-63,2,50-26,23-10,19-14,9-11,54-27,47-34,10-2,21-15,69-38,32-23,45-37,56-24
2022,5,New York Yankees,99,63,.611,5.0,3.5,1.5,0.0,1.5,106-56,-7,47-29,25-8,17-16,10-10,57-24,42-39,10-8,31-27,73-48,26-15,50-43,49-20
2022,6,St. Louis Cardinals,93,69,.574,4.8,3.9,0.8,-0.3,0.6,95-67,-2,16-18,48-28,19-13,10-10,53-28,40-41,8-4,26-17,69-58,24-11,34-38,59-31
2022,7,Cleveland Guardians,92,70,.568,4.3,3.9,0.4,-0.1,0.2,88-74,4,15-17,47-29,18-16,12-8,46-35,46-35,13-6,28-17,64-53,28-17,34-34,58-36
2022,8,Toronto Blue Jays,92,70,.568,4.8,4.2,0.6,0.1,0.7,91-71,1,43-33,19-15,17-15,13-7,47-34,45-36,8-7,30-20,80-50,12-20,45-49,47-21
2022,9,Seattle Mariners,90,72,.556,4.3,3.8,0.4,0.0,0.4,89-73,1,16-17,21-12,41-35,12-8,46-35,44-37,11-5,34-22,68-52,22-20,38-33,52-39
2022,10,San Diego Padres,89,73,.549,4.4,4.1,0.3,0.0,0.3,86-76,3,19-15,21-11,41-35,8-12,44-37,45-36,12-5,30-17,58-50,31-23,38-44,51-29
2022,11,Philadelphia Phillies,87,75,.537,4.6,4.2,0.4,0.0,0.4,87-75,0,41-35,20-13,17-16,9-11,47-34,40-41,8-6,22-25,59-57,28-18,34-47,53-28
2022,12,Milwaukee Brewers,86,76,.531,4.5,4.2,0.2,-0.2,0.0,85-77,1,13-18,42-34,16-19,15-5,46-35,40-41,9-9,28-23,59-51,27-25,35-36,51-40
2022,13,Tampa Bay Rays,86,76,.531,4.1,3.8,0.3,0.1,0.4,87-75,-1,40-36,15-17,19-15,12-8,51-30,35-46,11-10,27-27,64-60,22-16,41-48,45-28
2022,14,Baltimore Orioles,83,79,.512,4.2,4.2,-0.1,0.2,0.1,79-83,4,34-42,16-17,21-12,12-8,45-36,38-43,8-5,23-24,56-56,27-23,42-47,41-32
2022,15,Chicago White Sox,81,81,.500,4.2,4.4,-0.2,-0.1,-0.3,78-84,3,15-17,37-39,18-16,11-9,37-44,44-37,6-9,27-16,64-61,17-20,31-36,50-45
2022,16,San Francisco Giants,81,81,.500,4.4,4.3,0.1,0.0,0.1,83-79,-2,19-14,19-14,33-43,10-10,44-37,37-44,7-7,22-27,52-55,29-26,31-47,50-34
2022,17,Minnesota Twins,78,84,.481,4.3,4.2,0.1,-0.1,0.0,82-80,-4,18-16,39-37,13-19,8-12,46-35,32-49,5-10,20-28,51-62,27-22,39-53,39-31
2022,18,Boston Red Sox,78,84,.481,4.5,4.9,-0.3,0.2,-0.1,76-86,2,26-50,18-15,25-8,9-11,43-38,35-46,7-11,24-26,55-71,23-13,47-65,31-19
2022,19,Chicago Cubs,74,88,.457,4.1,4.5,-0.5,-0.1,-0.6,73-89,1,21-10,37-39,10-25,6-14,37-44,37-44,7-12,26-27,55-64,19-24,37-58,37-30
2022,20,Arizona Diamondbacks,74,88,.457,4.3,4.6,-0.2,0.0,-0.2,77-85,-3,16-15,17-18,29-47,12-8,40-41,34-47,5-7,17-29,51-63,23-25,39-60,35-28
2022,21,Los Angeles Angels,73,89,.451,3.8,4.1,-0.3,0.1,-0.1,76-86,-3,11-23,18-14,37-39,7-13,40-41,33-48,7-8,18-28,50-63,23-26,34-58,39-31
2022,22,Miami Marlins,69,93,.426,3.6,4.2,-0.6,0.1,-0.5,70-92,-1,34-42,15-18,12-21,8-12,34-47,35-46,8-9,24-40,51-73,18-20,36-65,33-28
2022,23,Texas Rangers,68,94,.420,4.4,4.6,-0.2,0.1,-0.1,77-85,-9,9-24,17-16,31-45,11-9,34-47,34-47,6-9,15-35,41-66,27-28,30-57,38-37
2022,24,Colorado Rockies,68,94,.420,4.3,5.4,-1.1,0.1,-1.0,65-97,3,10-24,16-16,33-43,9-11,41-40,27-54,6-8,23-24,39-62,29-32,35-63,33-31
2022,25,Detroit Tigers,66,96,.407,3.4,4.4,-1.0,0.0,-1.0,63-99,3,11-21,34-42,10-24,11-9,36-46,30-50,3-7,22-20,46-72,20-24,32-56,34-40
2022,26,Kansas City Royals,65,97,.401,4.0,5.0,-1.0,0.1,-1.0,64-98,1,13-22,33-43,12-19,7-13,39-42,26-55,5-5,16-20,45-76,20-21,34-58,31-39
2022,27,Pittsburgh Pirates,62,100,.383,3.6,5.0,-1.4,0.0,-1.4,58-104,4,9-26,35-41,14-17,4-16,34-47,28-53,4-9,21-27,40-67,22-33,26-64,36-36
2022,28,Cincinnati Reds,62,100,.383,4.0,5.0,-1.0,-0.1,-1.1,64-98,-2,12-22,28-48,10-22,12-8,33-48,29-52,6-5,21-23,45-71,17-29,32-61,30-39
2022,29,Oakland Athletics,60,102,.370,3.5,4.8,-1.2,0.2,-1.0,59-103,1,13-20,12-21,30-46,5-15,29-51,31-51,6-4,17-25,44-75,16-27,33-60,27-42
2022,30,Washington Nationals,55,107,.340,3.7,5.3,-1.6,0.1,-1.4,56-106,-1,17-59,15-18,15-18,8-12,26-55,29-52,3-7,17-22,39-67,16-40,30-70,25-37
2023,1,Atlanta Braves,104,58,.642,5.8,4.4,1.4,-0.1,1.4,101-61,3,35-17,22-9,21-12,26-20,52-29,52-29,8-3,23-18,81-49,23-9,55-33,49-25
2023,2,Baltimore Orioles,101,61,.623,5.0,4.2,0.8,0.0,0.8,94-68,7,32-20,22-10,21-11,26-20,49-32,52-29,11-6,30-16,65-44,36-17,51-39,50-22
2023,3,Los Angeles Dodgers,100,62,.617,5.6,4.3,1.3,-0.1,1.2,100-62,0,17-14,19-14,34-18,30-16,53-28,47-34,6-6,16-15,74-39,26-23,52-36,48-26
2023,4,Tampa Bay Rays,99,63,.611,5.3,4.1,1.2,0.0,1.2,100-62,-1,31-21,23-9,18-14,27-19,53-28,46-35,7-5,22-25,75-52,24-11,48-44,51-19
2023,5,Milwaukee Brewers,92,70,.568,4.5,4.0,0.5,0.0,0.5,90-72,2,18-14,33-19,13-19,28-18,49-32,43-38,10-5,29-18,70-44,22-26,51-38,41-32
2023,6,Houston Astros,90,72,.556,5.1,4.3,0.8,-0.1,0.7,93-69,-3,16-17,14-17,32-20,28-18,39-42,51-30,1-8,20-21,62-51,28-21,42-43,48-29
2023,7,Texas Rangers,90,72,.556,5.4,4.4,1.0,-0.1,0.9,96-66,-6,20-12,19-13,29-23,22-24,50-31,40-41,2-8,14-22,62-56,28-16,42-45,48-27
2023,8,Philadelphia Phillies,90,72,.556,4.9,4.4,0.5,0.0,0.5,89-73,1,25-27,19-12,18-15,28-18,49-32,41-40,10-7,29-24,60-51,30-21,47-43,43-29
2023,9,Toronto Blue Jays,89,73,.549,4.6,4.1,0.5,0.1,0.5,89-73,0,21-31,22-10,16-16,30-16,43-38,46-35,10-9,25-20,69-58,20-15,43-50,46-23
2023,10,Seattle Mariners,88,74,.543,4.7,4.1,0.6,-0.1,0.6,91-71,-3,13-18,20-13,33-19,22-24,45-36,43-38,6-14,25-26,66-55,22-19,38-48,50-26
2023,11,Minnesota Twins,87,75,.537,4.8,4.1,0.7,-0.2,0.6,93-69,-6,13-19,29-23,20-12,25-21,47-34,40-41,12-8,19-27,66-58,21-17,37-36,50-39
2023,12,Arizona Diamondbacks,84,78,.519,4.6,4.7,-0.1,0.0,-0.1,80-82,4,14-18,20-12,29-23,21-25,43-38,41-40,5-4,21-21,56-57,28-21,40-50,44-28
2023,13,Miami Marlins,84,78,.519,4.1,4.5,-0.4,0.1,-0.3,75-87,9,26-26,18-15,14-17,26-20,46-35,38-43,7-3,33-14,64-59,20-19,38-50,46-28
2023,14,Chicago Cubs,83,79,.512,5.1,4.5,0.6,-0.1,0.5,90-72,-7,11-20,30-22,17-16,25-21,45-36,38-43,3-6,21-24,54-57,29-22,38-51,45-28
2023,15,San Diego Padres,82,80,.506,4.6,4.0,0.6,0.0,0.6,92-70,-10,16-16,11-21,27-25,28-18,44-37,38-43,2-12,9-23,54-61,28-19,40-51,42-29
2023,16,Cincinnati Reds,82,80,.506,4.8,5.1,-0.2,0.0,-0.2,77-85,5,15-17,21-31,18-14,28-18,38-43,44-37,10-5,34-29,59-55,23-25,41-47,41-33
2023,17,New York Yankees,82,80,.506,4.2,4.3,-0.2,0.1,0.0,78-84,4,22-30,18-14,19-13,23-23,42-39,40-41,6-9,17-23,67-67,15-13,47-46,35-34
2023,18,San Francisco Giants,79,83,.488,4.2,4.4,-0.3,0.0,-0.3,76-86,3,13-18,20-13,26-26,20-26,45-36,34-47,11-5,25-19,51-63,28-20,46-55,33-28
2023,19,Detroit Tigers,78,84,.481,4.1,4.6,-0.5,-0.1,-0.6,73-89,5,7-25,35-17,15-17,21-25,37-44,41-40,10-8,21-20,62-62,16-22,31-54,47-30
2023,20,Boston Red Sox,78,84,.481,4.8,4.8,0.0,0.1,0.1,81-81,-3,24-28,19-13,15-17,20-26,39-42,39-42,4-6,18-25,54-66,24-18,51-55,27-29
2023,21,Cleveland Guardians,76,86,.469,4.1,4.3,-0.2,-0.1,-0.3,77-85,-1,16-16,23-29,17-15,20-26,42-39,34-47,11-9,27-31,52-51,24-35,41-45,35-41
2023,22,Pittsburgh Pirates,76,86,.469,4.3,4.9,-0.6,0.0,-0.6,71-91,5,16-17,25-27,16-15,19-27,39-42,37-44,3-9,22-17,50-58,26-28,40-62,36-24
2023,23,New York Mets,75,87,.463,4.4,4.5,-0.1,0.0,0.0,80-82,-5,25-27,13-19,18-14,19-27,43-38,32-49,7-3,25-28,57-52,18-35,45-57,30-30
2023,24,Los Angeles Angels,73,89,.451,4.6,5.1,-0.6,0.0,-0.5,73-89,0,14-18,18-14,22-30,19-27,38-43,35-46,7-8,22-21,57-64,16-25,35-63,38-26
2023,25,St. Louis Cardinals,71,91,.438,4.4,5.1,-0.7,0.0,-0.6,71-91,0,14-18,21-31,13-19,23-23,35-46,36-45,6-6,17-26,54-66,17-25,45-56,26-35
2023,26,Washington Nationals,71,91,.438,4.3,5.2,-0.9,0.1,-0.8,67-95,4,19-33,14-19,15-16,23-23,34-47,37-44,6-2,28-21,47-60,24-31,39-63,32-28
2023,27,Chicago White Sox,61,101,.377,4.0,5.2,-1.2,0.0,-1.3,61-101,0,11-20,23-29,12-21,15-31,31-50,30-51,5-11,19-30,47-77,14-24,26-59,35-42
2023,28,Colorado Rockies,59,103,.364,4.5,5.9,-1.5,0.1,-1.3,60-102,-1,14-20,13-17,14-38,18-28,37-44,22-59,6-4,23-24,37-74,22-29,31-72,28-31
2023,29,Kansas City Royals,56,106,.346,4.2,5.3,-1.1,0.0,-1.2,64-98,-8,9-24,20-32,11-20,16-30,33-48,23-58,3-4,21-20,42-79,14-27,25-60,31-46
2023,30,Oakland Athletics,50,112,.309,3.6,5.7,-2.1,0.1,-2.0,49-113,1,8-24,14-18,14-38,14-32,26-55,24-57,6-8,20-27,31-85,19-27,22-76,28-36
